oracle_dropped_mean_Lmean,oracle_dropped_mean_Lmax,oracle_dropped_mean_Lstd,oracle_dropped_max_Lmean,oracle_dropped_max_Lmax,oracle_dropped_max_Lstd,consensus_oracle_Lmean,consensus_oracle_Lmax,consensus_oracle_Lstd,fully_dropped_oracle_Lmean,fully_dropped_oracle_Lmax,fully_dropped_oracle_Lstd,est_dropped_mean_Lmean,est_dropped_mean_Lmax,est_dropped_mean_Lstd,est_dropped_max_Lmean,est_dropped_max_Lmax,est_dropped_max_Lstd,consensus_est_Lmean,consensus_est_Lmax,consensus_est_Lstd,fully_dropped_est_Lmean,fully_dropped_est_Lmax,fully_dropped_est_Lstd,dense_entropy_Lmean,dense_entropy_Lmax,dense_entropy_Lstd,sparse_entropy_Lmean,sparse_entropy_Lmax,sparse_entropy_Lstd,out_cos_mean_Lmean,out_cos_mean_Lmax,out_cos_mean_Lstd,out_cos_max_Lmean,out_cos_max_Lmax,out_cos_max_Lstd,out_relL2_mean_Lmean,out_relL2_mean_Lmax,out_relL2_mean_Lstd,out_relL2_max_Lmean,out_relL2_max_Lmax,out_relL2_max_Lstd,keep_tokens_frac_Lmean,keep_tokens_frac_Lmax,keep_tokens_frac_Lstd,step,input_token,kv_len,prefill_s,probe_s,step_s,sparse_margin,sparse_logit_entropy,logit_kl,top1_flip,dense_argmax,sparse_argmax,task_id,family,keep_frac,schedule,dense_correct
0.08955438591406814,0.21158508956432343,0.051963044192644914,0.2828591636248997,0.7471439838409424,0.16597061819584108,0.11196867180322963,0.2835874855518341,0.06251091033898507,0.060960479180461595,0.14327439665794373,0.03510620598154163,0.06021207997608664,0.21141484379768372,0.06582994757039506,0.17246475107302622,0.6355929374694824,0.1720661725363344,0.10569519764145038,0.4944790005683899,0.11469488961438612,0.03612386229048882,0.1260748952627182,0.03729768085364499,0.3258509880730084,0.4942423701286316,0.08428282370051295,0.35841558075376917,0.548316478729248,0.08275972471647314,0.017240167857380584,0.06257292628288269,0.015550771458531754,0.10162431001663208,0.42823684215545654,0.09161692643627682,0.12719020932646735,0.2566918730735779,0.05796764391386306,0.4194320842091526,0.8280754089355469,0.1748997756837799,0.11194731295108795,0.11194731295108795,0.0,0,1592,2125,23.478237099945545,0.1606108001433313,0.4823926000390202,8.453125,0.00027883416623808444,1.7119513358920813e-05,False,151645,151645,multi_entity-2048-0,multi_entity,0.125,uniform,True
0.0920244081810649,0.2153170108795166,0.05391487480634371,0.29084069601127077,0.6501389145851135,0.15694157422225968,0.11508319623369191,0.26415467262268066,0.06187778716795695,0.0639600257771755,0.19203981757164001,0.04439844608207779,0.06739834023340206,0.4409208297729492,0.0871591447124277,0.18895272218755313,0.8498303890228271,0.1876289267386822,0.1105854924036456,0.4693262577056885,0.11399166691471248,0.04414030832621003,0.386549711227417,0.07261597738525946,0.3271493741444179,0.4957612454891205,0.08415502040683913,0.36186229224715916,0.5370001792907715,0.0852256105242754,0.017289209651478035,0.049226827919483185,0.013677502913531573,0.10118545378957476,0.34078341722488403,0.08145821299717522,0.12826688840453113,0.22645220160484314,0.057829340096744904,0.4182508143463305,0.7519645690917969,0.17404554716872167,0.11732293598886047,0.18720601499080658,0.045727552248716656,0,1592,2125,23.456524400040507,0.15991179994307458,0.23403799999505281,8.5625,0.00026353431167081,2.8058617317583412e-05,False,151645,151645,multi_entity-2048-0,multi_entity,0.125,pyramid,True
0.10072267135339123,0.22928941249847412,0.05657773776175088,0.304351521389825,0.8212408423423767,0.1859650173016657,0.1153680474630424,0.238009974360466,0.059867032693115635,0.06768515789216119,0.20202061533927917,0.04445717631447647,0.06500900982479964,0.6229716539382935,0.11986886154174148,0.16302392438852362,0.8353967070579529,0.19640593133843778,0.0980615267929222,0.8361197710037231,0.1589320021897091,0.04292415571399033,0.4174366295337677,0.08507634132215039,0.33553568060909,0.5109735131263733,0.0984411595619722,0.36524148285388947,0.5815643072128296,0.09270667326386141,0.021533577183228254,0.07433341443538666,0.01853449606538561,0.1253403127193451,0.7867774963378906,0.15272019328116013,0.1496064287743398,0.2783389985561371,0.05811278278802188,0.46673568205109667,0.9872654676437378,0.21732135072724365,0.11732293598886047,0.18720601499080658,0.045727552248716656,0,1592,2125,23.387318199966103,0.1615583999082446,0.24090519989840686,6.59375,0.0038580787368118763,0.002974491333588958,False,151645,151645,multi_entity-2048-0,multi_entity,0.125,inv_pyramid,True
0.17467351866486883,0.5338521003723145,0.13004406824915407,0.43704003947121756,0.8575607538223267,0.22699630971230414,0.19296257650213583,0.6004862189292908,0.1386541296332834,0.12844271319253103,0.3872377574443817,0.08895126911690641,0.10950512801563102,0.45680326223373413,0.12075258494748764,0.2714628000477595,0.7851121425628662,0.2115410108354428,0.16045378614217043,0.7310878038406372,0.17893457675477853,0.07318062711107944,0.3174035847187042,0.0792206618730808,0.35299499705433846,0.5706003308296204,0.11039232672689918,0.3804949016443321,0.5799828767776489,0.08899080687583419,0.052698714833240956,0.19795915484428406,0.04592548139670326,0.23787032067775726,0.8624850511550903,0.1995740056202843,0.24297589329736574,0.4976474642753601,0.11821280386005609,0.6723533522869859,1.1958162784576416,0.27587772169746116,0.05174035578966141,0.05174035578966141,0.0,0,1592,2125,23.580387300113216,0.1731416000984609,0.25222110003232956,5.171875,0.008108071982860565,0.00901148933917284,False,151645,151645,multi_entity-2048-0,multi_entity,0.0625,uniform,True
0.18561594544111618,0.5356893539428711,0.14082547841653842,0.4658400203500475,0.9639841318130493,0.2544010835179963,0.2016494733813618,0.5907127857208252,0.14901666257602078,0.14423350344545074,0.49091359972953796,0.1194919547920474,0.1415205049810798,0.7067424058914185,0.1784409407332813,0.3298277455781187,0.9783440828323364,0.2763869940048929,0.1783722879897271,0.7067424058914185,0.19717091239390772,0.1166807003069802,0.7067424058914185,0.17760106641440815,0.35393599048256874,0.5849795937538147,0.11096248696960824,0.3761800942676408,0.5510350465774536,0.09267926744308685,0.060526210228480135,0.1928286850452423,0.05409222345276256,0.257609737770898,0.7504871487617493,0.19744547958320524,0.25817933385925634,0.5848226547241211,0.14196191016409154,0.6813383198210171,1.2441753149032593,0.29883691182089234,0.05496572829516871,0.09689557552337646,0.02323363281463398,0,1592,2125,23.53742800001055,0.16130730020813644,0.2785145998932421,4.6953125,0.008618971332907677,0.011373450979590416,False,151645,151645,multi_entity-2048-0,multi_entity,0.0625,pyramid,True
0.1925567194287266,0.406726598739624,0.08933294435674158,0.5087170898914337,0.9435804486274719,0.17396237289143732,0.21051833273044654,0.4685899615287781,0.09714189190525994,0.15384401381015778,0.406726598739624,0.07420802463007069,0.16550217063299247,0.9689128398895264,0.2190911722203332,0.3493554915434548,0.9999995231628418,0.2361888132904478,0.19853140067841327,0.9689127206802368,0.22190795628712545,0.14089971810712346,0.9689127206802368,0.22017640457179877,0.36355460594807354,0.5497954487800598,0.09690378621372922,0.38557895006878035,0.5440320372581482,0.08740172969727383,0.06757523545197078,0.16137783229351044,0.03980165847739281,0.31764763806547436,0.8779247403144836,0.200804124418778,0.29228629544377327,0.49384960532188416,0.09079852291370936,0.7835210167935917,1.253222107887268,0.23958418414221813,0.05496572829516871,0.09689557552337646,0.02323363281463398,0,1592,2125,23.563522099982947,0.16025869990698993,0.23766189999878407,5.75,0.0031431952957063913,0.0031209303997457027,False,151645,151645,multi_entity-2048-0,multi_entity,0.0625,inv_pyramid,True
0.1605724279901811,0.31232506036758423,0.0709027783682388,0.458679871899741,0.767298698425293,0.16488844097779565,0.1942601285076567,0.3852897882461548,0.08805005125080533,0.10398397388468895,0.22511813044548035,0.04998429033239777,0.0773380030545273,0.2633174955844879,0.06162905189414806,0.2489129231710519,0.5925921201705933,0.17342815728457,0.13860154158568808,0.48934096097946167,0.12489974771051957,0.04410499781287009,0.13670867681503296,0.03195439976147328,0.37324162093656404,0.5491557121276855,0.09112953565778498,0.37040240902985844,0.5393967628479004,0.08428081846351249,0.04449810768710449,0.12679342925548553,0.03281736086113229,0.27134679683617186,1.1835132837295532,0.28769789812700264,0.21362761660878146,0.3285686671733856,0.07087398031699405,0.6442863025835582,1.1286166906356812,0.24981742307201804,0.10897743701934814,0.10897743701934814,0.0,0,2227,2082,23.650818099966273,0.1613459000363946,0.2396360000129789,4.15625,0.007221991661936045,9.176763705909252e-05,False,151645,151645,multi_entity-2048-1,multi_entity,0.125,uniform,True
0.16429220579032386,0.31878748536109924,0.0810926878276465,0.4659052789211273,0.7628949880599976,0.1693983366860988,0.1963600106537342,0.3834381103515625,0.09041955397935965,0.1119247675607247,0.3186841607093811,0.07293014695172015,0.08614392264280468,0.35935959219932556,0.0783768228516116,0.2651050292354609,0.734848141670227,0.1832865244854065,0.14318109889947145,0.4811694025993347,0.12212994129189912,0.05432871447659896,0.35935965180397034,0.06750709449980972,0.3743378349712917,0.5398255586624146,0.09041280976896107,0.3733333572745323,0.52623051404953,0.08379336895171101,0.04014119005296379,0.08713941276073456,0.023658959909824136,0.23068920629365103,0.636695146560669,0.18966055325208597,0.2119964792260102,0.35976940393447876,0.07774923888886452,0.615786976580109,1.0615434646606445,0.23720681291176904,0.1128180521939482,0.18578973412513733,0.04528017852183227,0,2227,2082,23.609322800068185,0.16309989988803864,0.26699150004424155,4.09375,0.0075618065893650055,0.00021102861501276493,False,151645,151645,multi_entity-2048-1,multi_entity,0.125,pyramid,True
0.15909529104828835,0.2826591730117798,0.06720185483911897,0.4504054593188422,0.8287919163703918,0.1716275849560977,0.19269131124019623,0.39065200090408325,0.08518985052946022,0.10253609796719891,0.19144311547279358,0.044202330020693674,0.08314458573503154,0.2866554856300354,0.07527115270758568,0.2576447244999664,0.7329556941986084,0.2060877325208889,0.1421147459020306,0.4952430725097656,0.13230171215820852,0.05211585025036974,0.24461889266967773,0.05443470579626485,0.3722994939557144,0.5462529063224792,0.09111821624133187,0.37209954644952503,0.5615065693855286,0.08442388478772221,0.04586384465385761,0.1294490396976471,0.03582860523765113,0.28142836689949036,1.2011810541152954,0.30213102942231007,0.21667283746813024,0.35349854826927185,0.07683586275631173,0.6494333456669535,1.1296663284301758,0.27087184179093793,0.1128180521939482,0.18578973412513733,0.045280178521832276,0,2227,2082,23.584545700112358,0.16111940005794168,0.26405299990437925,4.265625,0.006600271910429001,7.086186087690294e-05,False,151645,151645,multi_entity-2048-1,multi_entity,0.125,inv_pyramid,True
0.2809715034174068,0.7177402973175049,0.14613264327148903,0.6716019362211227,0.9371761083602905,0.20858386904267195,0.30281369973506245,0.7756596803665161,0.1546062711884741,0.21346016906734025,0.5751416087150574,0.10836230572198886,0.15519904205575585,0.3749696910381317,0.10833192482379383,0.426792694787894,0.7297552824020386,0.21174862060103694,0.2153886517376772,0.5594304203987122,0.15701102433226882,0.10517520630466086,0.25320175290107727,0.07141004588451108,0.4071466326713562,0.680718183517456,0.12055140381395885,0.3798323316233499,0.5998743176460266,0.09615011362068619,0.12412564556247421,0.5552796721458435,0.10182908730234486,0.5074131978409631,1.379413366317749,0.3415835181974242,0.3729311653545925,0.6229308843612671,0.11712772654643526,0.8976545461586544,1.2873895168304443,0.20337655905632968,0.047527603805065155,0.047527603805065155,0.0,0,2227,2082,23.859653200022876,0.16756540001370013,0.2621591000352055,4.328125,0.006260991096496582,0.001217542914673686,False,151645,151645,multi_entity-2048-1,multi_entity,0.0625,uniform,True
0.30829282184796675,0.6639001965522766,0.17670838104392458,0.6794372222253254,0.9980292320251465,0.23465786494896548,0.3367988850389208,0.7149123549461365,0.17567228248452751,0.2578709035047463,0.6032474637031555,0.17251191943738348,0.23311014426040597,0.9267005920410156,0.23793035743634955,0.5056321517830449,0.9987058639526367,0.27854569843175186,0.29737355653196573,0.92670077085495,0.24974945870315896,0.19530143054933952,0.92670077085495,0.2417661509372405,0.40873746467488153,0.6400091052055359,0.11737594028598985,0.36494374594518114,0.5637235045433044,0.08986901753796786,0.12607972343851412,0.41635745763778687,0.09119053931918936,0.5149815465722766,1.3475998640060425,0.31741000291795396,0.3745276454303946,0.6998350024223328,0.14400140338067388,0.9167874466095652,1.6034209728240967,0.2644160172295141,0.04972224196951304,0.09361498057842255,0.023121934642232507,0,2227,2082,23.787186400033534,0.1617662999778986,0.2423799999523908,5.5,0.002585167530924082,0.008010193705558777,False,151645,151645,multi_entity-2048-1,multi_entity,0.0625,pyramid,True
0.3078768045774528,0.7176107168197632,0.1340576157269742,0.695149227976799,0.9649620652198792,0.19820376730334602,0.32607922782855375,0.717610776424408,0.144535050145846,0.24765968349363124,0.717610776424408,0.12313091270698948,0.20935774235320942,0.9998077750205994,0.23644868918339867,0.4479845450924976,1.0,0.25098785018616504,0.2539204265922308,0.9998076558113098,0.24541066302108655,0.17747400461563043,0.9998076558113098,0.23714433325782935,0.40545730931418283,0.6610550284385681,0.10649748120236356,0.3593801850719111,0.5645925402641296,0.10388859598351888,0.17319270176813006,0.5006510019302368,0.1296827932838112,0.613742070538657,1.3883811235427856,0.4007237465202828,0.46022033052785055,1.070094347000122,0.19674381763319493,1.078978890819209,3.3266241550445557,0.623378930692323,0.04972224196951304,0.09361498057842255,0.0231219346422325,0,2227,2082,23.72072400012985,0.16111619980074465,0.23798049986362457,2.609375,0.02250008098781109,0.03602304309606552,False,151645,151645,multi_entity-2048-1,multi_entity,0.0625,inv_pyramid,True
0.0708819500037602,0.1933744251728058,0.04314309431564532,0.23985861454691207,0.73040372133255,0.15871890457116594,0.08516948497188943,0.2152712643146515,0.0449398160889615,0.04263759986497462,0.12658855319023132,0.028574921749798213,0.0333388556817746,0.18501344323158264,0.048293885254673395,0.10730923835321196,0.626636266708374,0.1304421788679816,0.056954071092020185,0.3126130700111389,0.07513425946614506,0.02012894836038218,0.1320965439081192,0.032295351392714985,0.30074828011648996,0.48107361793518066,0.08347639538688545,0.34996034923408714,0.5400146842002869,0.09841893220856783,0.01065351213453271,0.0333377979695797,0.00830133787437778,0.06824376327650887,0.2321813702583313,0.055175486315271645,0.10005574194448334,0.2146696299314499,0.04321797037768052,0.34777101688086987,0.6426621675491333,0.14431930610070054,0.11238642036914825,0.11238642036914825,0.0,0,46,2090,23.773376299999654,0.16853759996592999,0.2572599998675287,6.953125,0.0009102895855903625,3.56297314283438e-05,False,5612,5612,multi_hop-2048-0,multi_hop,0.125,uniform,True
0.07830506576491254,0.18062445521354675,0.04544565136818627,0.2997103248323713,0.9700469374656677,0.2140030699060033,0.0902218066954187,0.19189618527889252,0.0472274254328066,0.042320936053459136,0.13532255589962006,0.02934461887155578,0.04124896045375083,0.27033933997154236,0.05810234947183817,0.1489620069873386,0.6191847324371338,0.15831802102502462,0.0700564633547661,0.32214877009391785,0.08922700360783219,0.024072428067613925,0.18133795261383057,0.03663017974345482,0.30672623749290195,0.465986430644989,0.08032421211050257,0.3570281421499593,0.5288389921188354,0.0959689448661898,0.017767411694096933,0.12566614151000977,0.027508229021165804,0.14766665441649302,1.2940441370010376,0.2652604182333834,0.1018647990588631,0.23820629715919495,0.04838414842183791,0.4251136404595205,1.039934754371643,0.24353441862759806,0.11281070858240128,0.11281070858240128,0.0,1,5612,2091,0.0,0.16290100011974573,0.26969369989819825,6.078125,0.0015896838158369064,0.001514576142653823,False,151645,151645,multi_hop-2048-0,multi_hop,0.125,uniform,True
0.10128688416443765,0.5866533517837524,0.10792310896835283,0.302239220057215,0.9772578477859497,0.22646928196210714,0.1152621383911797,0.604621171951294,0.11083700009669711,0.05832471804959433,0.5531492233276367,0.09796638721936307,0.03725474417608764,0.3491555154323578,0.06606971801269423,0.11560284419517432,0.5843059420585632,0.1375491432114031,0.062245548328584324,0.3796432614326477,0.08484009080643393,0.024020206640541022,0.2961081266403198,0.0546851426941225,0.30133490583726336,0.4794699549674988,0.07886008543865426,0.34983745217323303,0.5579370260238647,0.09927064895127093,0.04161862698882552,0.44488224387168884,0.09201644816830873,0.1508222073316574,0.9294415712356567,0.22011330193822345,0.15115621406584978,0.7660945653915405,0.14479395319396476,0.4442513635648148,1.0965718030929565,0.2411358151586606,0.11621234259967293,0.18890483677387238,0.04510693916862656,0,46,2090,23.751991499913856,0.15695560001768172,0.27722950000315905,1.625,0.08579506725072861,0.3580288887023926,False,5612,5612,multi_hop-2048-0,multi_hop,0.125,pyramid,True
0.07708777793283973,0.1958392858505249,0.046099126151849974,0.283561823623521,0.9676344394683838,0.20386439526190997,0.09023872616567782,0.19826377928256989,0.04516409976135479,0.04242756122922791,0.18563979864120483,0.03604938496900136,0.04130986187374219,0.29112082719802856,0.06056155002244638,0.1483338703734002,0.8222875595092773,0.17103933378815883,0.06930173017982659,0.30797281861305237,0.08627902605475461,0.02471209239904835,0.24857613444328308,0.04677124402515292,0.3074460144021681,0.4659920632839203,0.07960785314310204,0.36452496530754225,0.5368159413337708,0.09643373160743542,0.013767046824796125,0.12345057725906372,0.022073127142866477,0.11280204994337899,1.2936229705810547,0.23472021731934462,0.09583579642432076,0.18274188041687012,0.038296978477618704,0.38471023578728947,1.0408328771591187,0.18937260301860442,0.11663479823619127,0.1892925351858139,0.045085377644068336,1,5612,2091,0.0,0.1643159999512136,0.26485320017673075,6.0625,0.0016034437576308846,0.0015879825223237276,False,151645,151645,multi_hop-2048-0,multi_hop,0.125,pyramid,True
0.07141627584184919,0.20631961524486542,0.045649579390510384,0.24202152235167368,0.8070111870765686,0.1768490078086553,0.08219309876273785,0.20728114247322083,0.045715635152469215,0.04942468593695334,0.17863085865974426,0.04258023245344478,0.043955571338301525,0.36726826429367065,0.08271087780551621,0.12428167182952166,0.7429428100585938,0.1737583404901176,0.06685043624020182,0.5288931727409363,0.10966531900346668,0.03231158554470832,0.31535762548446655,0.07058450811585203,0.2998532211141927,0.480413556098938,0.08405147608173386,0.3503715598157474,0.5637600421905518,0.09994807152034774,0.012353679429257422,0.03809359669685364,0.010534440280040877,0.07935815836702075,0.2342778444290161,0.06957498515622067,0.10538741986134223,0.24778354167938232,0.05465884971280614,0.3761069599006857,0.7589002847671509,0.20195322008578592,0.11621234259967293,0.18890483677387238,0.04510693916862656,0,46,2090,22.56566910003312,0.15368789993226528,0.22940029995515943,7.765625,0.0005759717896580696,0.00015381249249912798,False,5612,5612,multi_hop-2048-0,multi_hop,0.125,inv_pyramid,True
0.08705562419657197,0.24264594912528992,0.057180010798954656,0.3392737827130726,0.9875754714012146,0.2502091314656093,0.09595306543633342,0.24688316881656647,0.056777015997153964,0.053614587556304674,0.2014695405960083,0.04652862340137954,0.05773543650450717,0.441677451133728,0.10838225370616385,0.1700517725049784,0.7926169037818909,0.20424646977643468,0.08283954114137616,0.5335221290588379,0.1292410712993028,0.03941643893943235,0.3301714062690735,0.08099098102041481,0.3078113528234618,0.46985507011413574,0.08066630055929012,0.3534380266708987,0.5199746489524841,0.09438441461459228,0.025368432294011915,0.12440872192382812,0.03412922826208571,0.2012420424393245,1.290697693824768,0.30062046484530164,0.11822079571097024,0.29188406467437744,0.07489218913197636,0.48874973598867655,1.1956387758255005,0.32739686162325576,0.11663479823619127,0.1892925351858139,0.045085377644068336,1,5612,2091,0.0,0.1567285000346601,0.2477651999797672,6.375,0.0012645875103771687,0.0026309334207326174,False,151645,151645,multi_hop-2048-0,multi_hop,0.125,inv_pyramid,True
0.16886238687272584,0.5074043273925781,0.12430284992916837,0.46119717402117594,0.9775370359420776,0.23965259094673735,0.1901605102632727,0.5800921320915222,0.135921919026832,0.0932615523093513,0.21979939937591553,0.052226951364364664,0.0661975358296851,0.3166491389274597,0.08361470303082773,0.19296035835785524,0.7389290928840637,0.1803839115346424,0.09899941560745772,0.49305322766304016,0.11922564730448569,0.04821838544116223,0.2543666660785675,0.06373705687923223,0.30721526433314594,0.48093122243881226,0.07791548072821329,0.3705542752785342,0.5631664991378784,0.10291507507064386,0.06641352412823055,0.26843345165252686,0.0767791190664859,0.26628267977918896,0.781592845916748,0.2262142910035118,0.23845434162233556,0.6116388440132141,0.1382169504168737,0.6527828244226319,1.088453769683838,0.2163116829824597,0.051171690225601196,0.051171690225601196,0.0,0,46,2090,22.369336100062355,0.1572590998839587,0.23583969986066222,1.359375,0.08133336156606674,0.34837019443511963,False,5612,5612,multi_hop-2048-0,multi_hop,0.0625,uniform,True
0.15491951629519463,0.4175708293914795,0.08213729068232782,0.49779266331877026,0.9937463402748108,0.23500033083484456,0.16593336313962936,0.47352397441864014,0.09107918478324505,0.10848548961803317,0.2886711657047272,0.06788135476393085,0.08769108391632992,0.4281806945800781,0.09980733106483902,0.26674299986500827,0.7647919654846191,0.23374932746471663,0.11916598670982889,0.46786171197891235,0.12847803153892598,0.06556198612504106,0.3268643617630005,0.07399837319305913,0.32401191868952345,0.5086400508880615,0.08971020407498248,0.3851224620427404,0.5489489436149597,0.10373535751480965,0.049797955700861554,0.2832454741001129,0.052530022070732846,0.2952648103237152,1.2963241338729858,0.28201539977788165,0.20132071391812392,0.4199366569519043,0.08005208827979543,0.6765675480876651,1.311143398284912,0.25196904873547094,0.05162523686885834,0.05162523686885834,0.0,1,5612,2091,0.0,0.15266040014103055,0.2340893999207765,5.765625,0.0019482537172734737,0.0014817346818745136,False,151645,151645,multi_hop-2048-0,multi_hop,0.0625,uniform,True
0.21057574397751264,0.7662848830223083,0.19246585207781994,0.49908376165798735,0.9997202754020691,0.28513023469354404,0.22694060991385154,0.7662849426269531,0.1904130432787659,0.17712641121553524,0.7662849426269531,0.19242632777383922,0.08265412129860904,0.4474408030509949,0.11207506158301195,0.24333761991666897,0.8787260055541992,0.24504947361441926,0.10604482639714011,0.4474408030509949,0.12206568516650258,0.06936470831611327,0.4474408030509949,0.11169401776086854,0.3105467121515955,0.4814607501029968,0.07307314161347564,0.3773802172924791,0.6243845224380493,0.10638318142475707,0.1110578687429162,0.6311212778091431,0.15467347339145168,0.3398324080875942,1.0163713693618774,0.3337146383293146,0.2808792458048889,0.864463210105896,0.2105423387986972,0.6661116842712674,1.1864261627197266,0.2619404135002737,0.05335793105353202,0.09708274155855179,0.023033472582348564,0,46,2090,22.35667199990712,0.1524277999997139,0.2293557000812143,1.203125,0.19963884353637695,2.596874952316284,True,5612,24513,multi_hop-2048-0,multi_hop,0.0625,pyramid,True
0.1639134128178869,0.4060198664665222,0.08430486041448695,0.5105477294751576,0.993695855140686,0.2261724540535626,0.17468002012797765,0.45516955852508545,0.08917294696673829,0.12008304514789156,0.2973909378051758,0.07690316050795848,0.09883353528234043,0.4754520356655121,0.11430238767829948,0.3080243549442717,0.9621418118476868,0.2830891879770463,0.1251740571377533,0.4754520058631897,0.1317442679386477,0.07825123391480052,0.4754520058631897,0.10629981979358197,0.3252533307032926,0.5046814680099487,0.09039394649431025,0.3915279789694718,0.5520037412643433,0.10747676249573744,0.051595499306651096,0.278433620929718,0.05050128728528795,0.29760720474379404,1.294936180114746,0.2632983693591352,0.21039538351552828,0.42388853430747986,0.0763872459534874,0.6813452573759216,1.0451208353042603,0.1961921243459725,0.05381043281938348,0.09751433879137039,0.023022460137912964,1,5612,2091,0.0,0.1555200000293553,0.23659270000644028,5.625,0.0021804431453347206,0.0017035265918821096,False,151645,151645,multi_hop-2048-0,multi_hop,0.0625,pyramid,True
0.16671522653528623,0.5290446281433105,0.10180071447921524,0.470568516424724,0.9115476608276367,0.21814076019172937,0.1851525181638343,0.5290446281433105,0.10073958138071619,0.12943612770842655,0.5290446281433105,0.10753430418144157,0.12450127677792418,0.9951556921005249,0.2321193270554182,0.24809021748868482,1.0,0.2514822190208128,0.1459550437450941,0.9951556324958801,0.2322572810119315,0.11441212553264839,0.9951556324958801,0.2334768199453047,0.3175291546753475,0.5344235301017761,0.08419003629805047,0.36990022552864893,0.5212010741233826,0.10291343365080355,0.07692135161986309,0.2796292304992676,0.07037837906814551,0.3995740328516279,1.596465826034546,0.36697750133121676,0.26842593162187506,0.7292048335075378,0.15526491906856144,0.8233805266874177,2.4449594020843506,0.4222034351035351,0.05335793105353202,0.09708274155855179,0.023033472582348575,0,46,2090,22.228414200013503,0.15536340000107884,0.23764530010521412,7.75,0.0003553330316208303,0.0004360979946795851,False,5612,5612,multi_hop-2048-0,multi_hop,0.0625,inv_pyramid,True
0.20928026296730554,0.42890283465385437,0.11274563266818965,0.568267611520631,0.9979903101921082,0.26006186448641,0.22651747946760484,0.4395279884338379,0.1190869735526151,0.14584899600595236,0.4001878499984741,0.09427612790423298,0.16779918711732275,0.9913327097892761,0.23403778685438847,0.35768083689202157,1.0,0.29024290609581577,0.20068753116564558,0.9913327693939209,0.24132952354358908,0.13484278841393202,0.9913327693939209,0.2327960908497395,0.3438182659447193,0.511529803276062,0.0905655889641637,0.37225803998964174,0.5543866157531738,0.10423658910656682,0.10385408565135938,0.31388959288597107,0.10408338306738278,0.47733938906873974,1.5173354148864746,0.45673470494567725,0.29196369195623056,0.5646872520446777,0.1618441253128795,0.8179528074605125,1.5773011445999146,0.41205486817240516,0.05381043281938348,0.09751433879137039,0.02302246013791296,1,5612,2091,0.0,0.15297659998759627,0.236318500014022,5.734375,0.0020328438840806484,0.0024143648333847523,False,151645,151645,multi_hop-2048-0,multi_hop,0.0625,inv_pyramid,True
0.06786908265868467,0.1716351956129074,0.045350342172721554,0.24280000158718654,0.7339274287223816,0.1861055407822777,0.08731918475989785,0.18514543771743774,0.054805049713066566,0.04516734912925001,0.13550598919391632,0.03341040270979799,0.04077162761989582,0.18491482734680176,0.04915916279802689,0.13669987609942577,0.6231527328491211,0.14462857621643052,0.06892691619162049,0.40180015563964844,0.08835292188676278,0.02628756634866087,0.13603395223617554,0.03327348440675567,0.32027806075555937,0.49986085295677185,0.07297353449266827,0.3775317631661892,0.5544729232788086,0.08254804479067174,0.007794817171608364,0.025117766112089157,0.007634081694534812,0.04825606729303088,0.15579646825790405,0.04783574684435539,0.08605927242232221,0.18687525391578674,0.04878528472469927,0.29739088911030975,0.5889136791229248,0.16104876084622843,0.1119617223739624,0.1119617223739624,0.0,0,61686,2089,22.285173100186512,0.15112169994972646,0.22119430010206997,7.0625,0.0007087935227900743,4.263092705514282e-06,False,151645,151645,multi_hop-2048-1,multi_hop,0.125,uniform,False
0.06625851835789424,0.1829521507024765,0.04188469055769454,0.229495712688991,0.6316653490066528,0.15576136339463081,0.08296739582770637,0.18103180825710297,0.04579202919170028,0.04046608437784016,0.1400279998779297,0.02999142994541217,0.043203167525851835,0.3350619971752167,0.06556290635031525,0.1434611798197563,0.8103839159011841,0.17973490915385804,0.06760091205692983,0.36179253458976746,0.08527715111206155,0.027289207035209984,0.25122466683387756,0.04802990310790464,0.3202807887324265,0.49685344099998474,0.07196454466939298,0.38392097715820583,0.5368642807006836,0.08191749049039486,0.0066582270145382995,0.019197549670934677,0.005070134914980084,0.04054265362875802,0.13198769092559814,0.033951589637405084,0.08356277598068118,0.1724923849105835,0.04073985997521123,0.2825414144567081,0.5687050223350525,0.12803748124916148,0.11578947159328631,0.1885167509317398,0.04512851976453298,0,61686,2089,22.200446699978784,0.1545955000910908,0.24985490017570555,7.03125,0.0007221653359010816,8.102026185952127e-06,False,151645,151645,multi_hop-2048-1,multi_hop,0.125,pyramid,False
0.08429908133777124,0.24823567271232605,0.06620929104375116,0.2873453455311911,0.8208928108215332,0.24642102782292477,0.10145549216706838,0.250853955745697,0.0730448608968101,0.059053148492239416,0.17459803819656372,0.05683189595657957,0.054622857739949335,0.36347970366477966,0.08553856072184218,0.15686502488928714,0.7599899172782898,0.18624161727527833,0.08497220703949486,0.6434957385063171,0.13043169113696,0.03657487306086945,0.2713114321231842,0.061309873240353606,0.32253015839627813,0.502685546875,0.07165284537213627,0.37306184374860357,0.5684191584587097,0.08310679652145278,0.01812053175464306,0.14084480702877045,0.028376485108174834,0.10595220114503588,1.228599190711975,0.22672515668786503,0.11475996187488947,0.32011720538139343,0.0865452838718154,0.3616576998361519,1.1188127994537354,0.25425618733009525,0.11578947159328631,0.1885167509317398,0.04512851976453297,0,61686,2089,22.335353899979964,0.1551884999498725,0.24330010008998215,7.25,0.0006154113216325641,4.669695044867694e-06,False,151645,151645,multi_hop-2048-1,multi_hop,0.125,inv_pyramid,False
0.15255935277257646,0.3920382261276245,0.0816307405537568,0.42382936605385374,0.8080043792724609,0.20125975815825892,0.17999943092997586,0.49544408917427063,0.10096694688892305,0.09242984146944114,0.1989649534225464,0.05347726409861309,0.09641495653028999,0.31893685460090637,0.08990176900518614,0.27132698401276556,0.7500784397125244,0.20492917094936783,0.1341228196730039,0.5421416759490967,0.13191100410435685,0.059840595324723314,0.2137531340122223,0.06246942711484083,0.32936470423425945,0.49386143684387207,0.07274584356362514,0.3940935262611934,0.5525158047676086,0.0821275871155933,0.038584193580650857,0.1654047816991806,0.03391071300464583,0.19925672667367117,1.4263337850570679,0.257898896250678,0.1996153388172388,0.3531828820705414,0.08230801162413187,0.566348343023232,1.044742465019226,0.20948056885604363,0.05071770399808884,0.05071770399808884,0.0,0,61686,2089,22.94111380004324,0.15722479997202754,0.22113310010172427,6.84375,0.0008406838751398027,4.931332659907639e-05,False,151645,151645,multi_hop-2048-1,multi_hop,0.0625,uniform,False
0.15464694598423584,0.46719712018966675,0.0835426312008304,0.4524166626589639,0.8540651798248291,0.16488186066077612,0.17816339246928692,0.5120358467102051,0.09042164930538484,0.10834607648264084,0.2807917892932892,0.060610365030544094,0.10859016309093152,0.552815854549408,0.12254241411011436,0.3008693555103881,0.9706538915634155,0.2606499256604863,0.14118921979596571,0.5528159141540527,0.1414508681678326,0.08406460917155657,0.5528159141540527,0.12176354338545282,0.3298484555312565,0.5006057620048523,0.07448763691538839,0.3997282630630902,0.560515284538269,0.08468211372800954,0.03978827939967492,0.15886682271957397,0.030385233300650447,0.21998056982244765,1.4366068840026855,0.2618910290321317,0.20303190951900824,0.3474087417125702,0.0663862715847758,0.5960208858762469,1.0669233798980713,0.1925434541513593,0.05290498857253364,0.09665071964263916,0.023044491587121217,0,61686,2089,22.782045500120148,0.16124550020322204,0.24971859995275736,6.859375,0.0008167449268512428,5.091757338959724e-05,False,151645,151645,multi_hop-2048-1,multi_hop,0.0625,pyramid,False
0.17984490309442794,0.5416101217269897,0.12025773813061659,0.463836852993284,0.9223810434341431,0.2660734564696666,0.20629839466086455,0.5416101217269897,0.13276265813009286,0.14397475286386907,0.5416101217269897,0.12187204327758354,0.16176509100478142,0.9970552921295166,0.2375842842153833,0.3397017227086638,1.0,0.2696419420160139,0.1877142372707437,0.9970552921295166,0.2419381536212596,0.13671619713672303,0.9970552921295166,0.23951893579444528,0.335813898061003,0.538611650466919,0.07590027669521181,0.38130281014101847,0.5135405659675598,0.08810638884490674,0.07394618482378844,0.2510918974876404,0.0802504551718408,0.34107272965567453,1.4081921577453613,0.38866731234686,0.25495612022600006,0.6759325861930847,0.18086994399570827,0.6795827645276274,1.596734881401062,0.4135574472272151,0.05290498857253364,0.09665071964263916,0.023044491587121217,0,61686,2089,22.549981500022113,0.15610030014067888,0.23772000009194016,6.421875,0.001148468116298318,0.0002791540464386344,False,151645,151645,multi_hop-2048-1,multi_hop,0.0625,inv_pyramid,False
0.05942462268285453,0.15555033087730408,0.037277579113254564,0.2181892075708934,0.7498507499694824,0.17518020352841582,0.07312220760754176,0.16555055975914001,0.04065453346588899,0.037990832734586935,0.11822454631328583,0.02514350804259564,0.03270411240685332,0.17419955134391785,0.04439477230714527,0.10758482455275953,0.5725769996643066,0.13452261385689948,0.05927683996352633,0.4456172585487366,0.08874213567794503,0.019870001866365783,0.10821859538555145,0.02624825305546662,0.31659957127911703,0.518601655960083,0.08383830482055653,0.3795159028044769,0.623108983039856,0.10048247260607354,0.012545782733858297,0.11804947257041931,0.022519324717934955,0.08574377638953072,0.8861116170883179,0.16921640468105076,0.08974540273525886,0.26509690284729004,0.054611399891064505,0.3229214070098741,1.091750979423523,0.22208125331258338,0.11278195679187775,0.11278195679187775,0.0,0,43,2127,22.97642660001293,0.15425519994460046,0.2816282999701798,10.125,9.305459388997406e-05,7.620286487508565e-05,False,4932,4932,coreference-2048-0,coreference,0.125,uniform,False
0.04906556978156524,0.18303321301937103,0.03518724755472993,0.1697875623192106,0.6298248171806335,0.11614582410037683,0.06268935477627176,0.19280683994293213,0.0370339961430685,0.032518785064374764,0.13082417845726013,0.024049824954064727,0.036190344436493306,0.16353952884674072,0.04314104148529731,0.12833358916187926,0.4742736220359802,0.12729469318049472,0.06069601932540536,0.3370250165462494,0.07199137629490521,0.02137019139315401,0.10867401957511902,0.025074852872263794,0.3030491018933909,0.4949246346950531,0.07509648953595414,0.3662496331546988,0.5325995683670044,0.08847318910320312,0.0062951521831564605,0.022533491253852844,0.005670566073916116,0.04439239629677364,0.2118685245513916,0.04830396090645184,0.07029346795752645,0.1697813719511032,0.03222384234116418,0.27247751158263,0.6186442375183105,0.14059131763409663,0.11319868266582489,0.11319868266582489,0.0,1,4932,2128,0.0,0.15598869998939335,0.26893380004912615,5.046875,0.004773991648107767,0.0002954466035589576,False,151645,151645,coreference-2048-0,coreference,0.125,uniform,False
0.06980686744541995,0.36321982741355896,0.06566548200797327,0.2240614720753261,0.6522489786148071,0.16349845695779217,0.08654241170734167,0.3596504330635071,0.06555025818800793,0.039978986007294486,0.20135937631130219,0.036263515291126966,0.03665049306748967,0.33709830045700073,0.06375714405724017,0.11450485928383257,0.5540563464164734,0.1382432362592634,0.06320267763554252,0.3824883699417114,0.09045122166872137,0.023039520456222817,0.24500609934329987,0.04551281482032932,0.31597205836858067,0.5179190635681152,0.08359031062187011,0.3784759821636336,0.6479295492172241,0.10240471942081629,0.015371526078005055,0.11651888489723206,0.02824429659389404,0.08431765224252429,0.8797600865364075,0.16695504987282714,0.10143898480704852,0.4212587773799896,0.07980776367153197,0.32464450571153847,1.0944976806640625,0.2165868663181162,0.118152524211577,0.18796992301940918,0.045684575733536785,0,43,2127,22.323852699948475,0.15209570014849305,0.2361376998014748,9.71875,0.00012266560224816203,4.026948590762913e-05,False,4932,4932,coreference-2048-0,coreference,0.125,pyramid,False
0.05123780624541853,0.17523793876171112,0.039342283508194915,0.17032662672655924,0.5485640168190002,0.10499391295575773,0.06461577237184558,0.17101791501045227,0.0383289004235106,0.03339226949693901,0.12454697489738464,0.027409163194735443,0.03905940007617963,0.3033984899520874,0.058236790342946945,0.13607611553743482,0.7717437744140625,0.15957140443488313,0.06323811383585312,0.3498024344444275,0.07638130241867833,0.023766636551174867,0.19059351086616516,0.03643781594813572,0.30352907202073504,0.49571964144706726,0.07519804273816437,0.3711508959531784,0.5266351699829102,0.09184479492316305,0.006224058767007331,0.017925094813108444,0.0048337740381426885,0.04521218155111585,0.20673900842666626,0.04661078552464535,0.07216025183775596,0.17057263851165771,0.034669002199683746,0.27920357537056717,0.6125858426094055,0.13393407793010983,0.1185667324545128,0.1883513331413269,0.04566311853344347,1,4932,2128,0.0,0.15163620002567768,0.2236629999242723,5.21875,0.004177475813776255,8.73308745212853e-05,False,151645,151645,coreference-2048-0,coreference,0.125,pyramid,False
0.06346913267459188,0.20848512649536133,0.049280578154671746,0.22369977831840515,0.8152090311050415,0.19649519383234829,0.0765792452065008,0.21148788928985596,0.05168362487417265,0.0454842311862324,0.1831062138080597,0.044886389542767975,0.04584485867443228,0.4805101752281189,0.09387102046656588,0.12082106282468885,0.7318159341812134,0.17726372137599225,0.07171360734251461,0.7251429557800293,0.13736916012138398,0.032199184464324,0.3601694703102112,0.07175735474846075,0.31633839649813517,0.5170884728431702,0.08380633450746017,0.37810815764325006,0.5874958038330078,0.09869145250294033,0.0156723076569116,0.11673134565353394,0.025912125763639896,0.11032330776963915,0.9004725217819214,0.19420628626896028,0.09835979522072844,0.3066999614238739,0.07075929835771448,0.36092433373310734,1.0906641483306885,0.27454530627674467,0.118152524211577,0.18796992301940918,0.04568457573353678,0,43,2127,22.807436200091615,0.16641200007870793,0.25449370010755956,9.921875,0.00010938306513708085,5.412904283730313e-05,False,4932,4932,coreference-2048-0,coreference,0.125,inv_pyramid,False
0.053085168956645896,0.2490401268005371,0.0467611555065686,0.17426739633083344,0.6850773692131042,0.13642441980112555,0.06682324170001916,0.25298675894737244,0.04839640949801648,0.03883864083659968,0.20986855030059814,0.04058820570681243,0.04968015244230628,0.4457544982433319,0.0922551425007342,0.13495322350146516,0.6326744556427002,0.15473652340365274,0.06889400253671088,0.5008000731468201,0.10259745090281612,0.0369364592437965,0.3980647623538971,0.08054500382306136,0.30284590806279865,0.49726390838623047,0.07613416223571794,0.36354124918580055,0.5397833585739136,0.08535013047153334,0.007901720782683697,0.05311145633459091,0.010167759653180853,0.05024084235940661,0.21226871013641357,0.05132899230879426,0.07771348900028638,0.29289233684539795,0.05198455693936979,0.29493072549147265,0.8678110241889954,0.1749640071118371,0.1185667324545128,0.1883513331413269,0.045663118533443466,1,4932,2128,0.0,0.16638950002379715,0.2597036000806838,5.0,0.005144970025867224,0.0006389901973307133,False,151645,151645,coreference-2048-0,coreference,0.125,inv_pyramid,False
0.11225213762372732,0.2798631191253662,0.06151105268222317,0.33565730282238554,0.8150728940963745,0.18451184625868847,0.12976644547390087,0.3132506310939789,0.0635283945930512,0.08309748915157147,0.18281927704811096,0.0414829794163945,0.06455204163544945,0.3550654351711273,0.08070770066478108,0.18643564637750387,0.7074661254882812,0.18660872040294665,0.10085332969902083,0.6313675045967102,0.12969290990532853,0.048447645759941746,0.2273859977722168,0.05679704577774591,0.32016097754240036,0.5340392589569092,0.08391660407695052,0.4016916996666363,0.6738084554672241,0.10583814092296792,0.03159717709890434,0.14027702808380127,0.03248609797770458,0.1900517131601061,0.9833004474639893,0.23671561867580854,0.17230188527277537,0.3516581952571869,0.07740436583659017,0.5344753084438187,1.1633940935134888,0.26031652070304534,0.05263157933950424,0.05263157933950424,0.0,0,43,2127,23.533996100071818,0.1543113999068737,0.2584786999505013,9.34375,0.00016782830061856657,3.235182157368399e-05,False,4932,4932,coreference-2048-0,coreference,0.0625,uniform,False
0.09524682756247264,0.250610888004303,0.055436767860546944,0.2848553402083261,0.6883161067962646,0.1774023430754355,0.10807260644755193,0.25462040305137634,0.05569896504554786,0.07052206979798419,0.21129906177520752,0.04524523000872123,0.0727751997598846,0.3182865083217621,0.08143722930813765,0.21632868217836534,0.6573683023452759,0.19055404089204148,0.10168292459898762,0.46255069971084595,0.10650067421153568,0.0557374944078869,0.22367897629737854,0.0609711378363145,0.30833602962749346,0.49831289052963257,0.0779543557861457,0.39404541945883204,0.5720299482345581,0.09603816874215923,0.022442021956002072,0.11364438384771347,0.025034513126520924,0.13461532763072423,0.9522596597671509,0.17869744685099678,0.14028197420494898,0.29771363735198975,0.06656308278196124,0.4572206400334835,1.0679564476013184,0.22521869826745966,0.05307656154036522,0.05307656154036522,0.0,1,4932,2128,0.0,0.15246379980817437,0.2896428999956697,5.265625,0.005548435263335705,0.0013770197983831167,False,151645,151645,coreference-2048-0,coreference,0.0625,uniform,False
0.1559748273741986,0.5338074564933777,0.12333503430181841,0.4182103914873941,0.9895152449607849,0.23426433682766035,0.1737198550919337,0.5338073968887329,0.12288181654060021,0.12340228602157108,0.5338073968887329,0.12025971406874017,0.08227842100729633,0.5345364809036255,0.11013616031698038,0.26680571522696744,0.8288809061050415,0.26090249534802973,0.10975431354849466,0.5345364809036255,0.12804547049006718,0.06862079214105117,0.5345364809036255,0.11020598577560055,0.3244368162538324,0.49131065607070923,0.07934210307389057,0.3917337182377066,0.6391292810440063,0.10644793239356029,0.05833999965605991,0.2741782069206238,0.06618753730234979,0.2567762796367918,0.9952645301818848,0.27248907642157005,0.2203213811985084,0.5442137122154236,0.1364436531811249,0.590717223073755,1.1529645919799805,0.26855223972306674,0.05585392019046204,0.09774436056613922,0.023211796766472278,0,43,2127,23.9379767999053,0.1654358000960201,0.26114990003407,4.046875,0.07328777760267258,0.12352756410837173,False,4932,4932,coreference-2048-0,coreference,0.0625,pyramid,False
0.11558977903665177,0.29825419187545776,0.06958085193812892,0.3423136281115668,0.8424904346466064,0.1863760738053382,0.13054714484938554,0.298254132270813,0.06667235144504331,0.08251500821539334,0.298254132270813,0.07157834658012577,0.08845130379112172,0.5792173147201538,0.11289651182324262,0.2546681876826499,0.9582543969154358,0.21872389409728318,0.11443410316548709,0.5792173147201538,0.1215502534523781,0.07226952059759892,0.5792173147201538,0.11299700011909934,0.3139967439430101,0.49511370062828064,0.07904776567318712,0.39574902398245676,0.5688695907592773,0.0990596744858131,0.030678030512977524,0.1139586791396141,0.026848282525780587,0.16941856699330465,0.8859369158744812,0.1767386560893653,0.16744015166269882,0.3387879729270935,0.07903597668514642,0.5254792815872601,1.0829874277114868,0.23469107263436179,0.05629739012303097,0.09816815704107285,0.02320089410782178,1,4932,2128,0.0,0.16531930002383888,0.27432599989697337,4.421875,0.010835203342139721,0.009869499132037163,False,151645,151645,coreference-2048-0,coreference,0.0625,pyramid,False
0.11351426730730704,0.35524266958236694,0.07713931246296185,0.34389384729521616,0.8790150880813599,0.23225616710177752,0.12908442012433494,0.35524263978004456,0.07980137385884964,0.09699449305688697,0.35524263978004456,0.07593450079385433,0.11458325766476005,0.9521679282188416,0.20858697503692744,0.2297525729850999,0.9999998807907104,0.23997416888632447,0.14519342706106336,0.9521679282188416,0.22044472441454477,0.10011873073277197,0.9521679282188416,0.20948624088016915,0.32133860886096954,0.5293306708335876,0.0805005709969569,0.4006241921867643,0.6502759456634521,0.10767012215611209,0.04058760806219652,0.1442151963710785,0.044907904810151986,0.2390004971197673,1.0193321704864502,0.27416844504010357,0.18549163320234843,0.43232640624046326,0.12116922974176068,0.5823811010590622,1.1818909645080566,0.3536043621201376,0.05585392019046204,0.09774436056613922,0.02321179676647228,0,43,2127,23.13525509997271,0.1521141999401152,0.25887590018101037,9.140625,0.00018742303655017167,2.296930870215874e-05,False,4932,4932,coreference-2048-0,coreference,0.0625,inv_pyramid,False
0.11341998872480222,0.3607792258262634,0.08158290487009372,0.367266657096999,0.9828619360923767,0.2594198687676932,0.12707373765962465,0.3607792258262634,0.08431592996480658,0.08999572212009557,0.3607792258262634,0.07574843624728744,0.12016037821636669,0.9547235369682312,0.2112673236745556,0.25457618691559347,0.9999997615814209,0.24224645210847498,0.14873216292887395,0.9547234773635864,0.21623129767727414,0.1033168320261341,0.9547234773635864,0.21271101915155938,0.30736841208168436,0.4922606348991394,0.07620342673874525,0.3799831233918667,0.5720114707946777,0.09623352399211735,0.037854211612804126,0.12699703872203827,0.0392541525256608,0.2138796831880297,1.2339324951171875,0.26055132438761314,0.1743219384391393,0.47274431586265564,0.11809039116073355,0.5699081508708852,1.445580244064331,0.34507930566921413,0.05629739012303097,0.09816815704107285,0.023200894107821782,1,4932,2128,0.0,0.14437350002117455,0.2639694001991302,5.6875,0.0030906496103852987,0.0005772316362708807,False,151645,151645,coreference-2048-0,coreference,0.0625,inv_pyramid,False
0.04321193686752979,0.21194373071193695,0.04370785053602268,0.1501859256199428,0.7488558888435364,0.15899530892486327,0.05364157033285925,0.2194325029850006,0.045953324024511855,0.02968525665346533,0.15267285704612732,0.02975465138154457,0.034177596252577915,0.22865793108940125,0.054328340541317556,0.11799640131981246,0.5707324743270874,0.1479402746179955,0.056530993905783235,0.39859890937805176,0.08594604459047277,0.022280040876856737,0.14713658392429352,0.034541492781720966,0.321174292159932,0.5347950458526611,0.07523278498164158,0.4003870678799493,0.5783885717391968,0.09108536495118666,0.005428390695604841,0.03654000908136368,0.007529117810099346,0.03730386708463941,0.24106979370117188,0.049096557910866825,0.06332125960450087,0.2290652096271515,0.04666344412556926,0.243461340266679,0.7589422464370728,0.1615612015179551,0.11408115178346634,0.11408115178346634,0.0,0,32388,2094,22.146554299863055,0.15571460011415184,0.2426658000331372,4.109375,0.02217867225408554,0.0006842105649411678,False,151645,151645,coreference-2048-1,coreference,0.125,uniform,False
0.05456805255796228,0.23806139826774597,0.05257750446158209,0.17572736314364842,0.6660685539245605,0.1490596335059423,0.06596493627876043,0.24463148415088654,0.052284386548826084,0.02851903882609414,0.09114981442689896,0.022912035249788847,0.03883677687762039,0.2922496795654297,0.06078951976781253,0.1278546830040536,0.6955565810203552,0.15733209629853961,0.06808754415916544,0.3876470923423767,0.09354140647575511,0.020793852521040077,0.1337878555059433,0.02828069052777562,0.3219782268362386,0.5313887000083923,0.07483064676263894,0.40114464185067583,0.587782621383667,0.09251692458488231,0.006823737085921623,0.025348156690597534,0.006753821082745514,0.044346820030893595,0.1595325469970703,0.04236060978327758,0.07789677707478404,0.2503439784049988,0.05422529453308198,0.28312984108924866,0.6051836609840393,0.1537335334937537,0.1178997652605176,0.19045346975326538,0.04502081758711288,0,32388,2094,23.425573299871758,0.16079450002871454,0.2558990998659283,4.6484375,0.0161950271576643,0.0012302761897444725,False,151645,151645,coreference-2048-1,coreference,0.125,pyramid,False
0.053177049125744294,0.28170329332351685,0.06175386335300097,0.17373646795749664,0.8088695406913757,0.1886149276596143,0.06487621619765248,0.28260889649391174,0.06404020072557016,0.04054192566711988,0.231843501329422,0.05467020004429163,0.05358429285531331,0.5412676334381104,0.11440245239361098,0.14028397999105177,0.8386836051940918,0.19046227866023993,0.07294853136824843,0.6231321096420288,0.13013021744880743,0.04003083699665565,0.4880896806716919,0.09916016831637343,0.3209775595792702,0.53351891040802,0.07513089977947356,0.39454863859074457,0.5822752714157104,0.0897281294938183,0.008864991773667239,0.05852504074573517,0.012309558437015136,0.059131077357700894,0.3777744174003601,0.08241408338033608,0.07996044555745487,0.33376777172088623,0.07108729457616973,0.2938032836121108,1.022411823272705,0.2266247215984282,0.1178997652605176,0.19045346975326538,0.04502081758711288,0,32388,2094,23.81401179987006,0.1644261002074927,0.25962399994023144,3.78125,0.026201093569397926,0.003464280627667904,False,151645,151645,coreference-2048-1,coreference,0.125,inv_pyramid,False
0.14671118264751776,0.27693381905555725,0.0704049383037153,0.41366176307201385,0.9437982439994812,0.20399377035410016,0.1772158189809748,0.3481735587120056,0.07897399805396274,0.06542894520264651,0.22726620733737946,0.043291997417823025,0.10524509749042668,0.40498289465904236,0.10440495823442379,0.27423521410673857,0.7596282362937927,0.20006776414192043,0.15646071808545717,0.5171045064926147,0.1438884616985795,0.05487167216571314,0.2755773067474365,0.07016396296996273,0.33454647234507967,0.5296006202697754,0.07693482310442323,0.4169712295489652,0.619394063949585,0.09439820968530702,0.03431878934082176,0.14194685220718384,0.027359173540506272,0.1798252229179655,0.737112820148468,0.1462954775445548,0.19702921834375178,0.38734889030456543,0.07215942313334664,0.5667200939995902,1.1323210000991821,0.200649520100645,0.05298329517245293,0.05298329517245293,0.0,0,32388,2094,23.848934200126678,0.16457040002569556,0.2646586000919342,1.078125,0.09171534329652786,0.3134370744228363,False,151645,151645,coreference-2048-1,coreference,0.0625,uniform,False
0.16751123911568097,0.41632241010665894,0.10113148512328282,0.44802271681172506,0.951519250869751,0.21523986644264262,0.19434594150100434,0.41632238030433655,0.10075916695408571,0.1056036565319768,0.41632238030433655,0.10551088454559561,0.11020456723469708,0.5847011804580688,0.11789620711347519,0.3038449882130538,0.9307096004486084,0.2225130608434645,0.14971512210156238,0.5847011804580688,0.1379323279976696,0.08067901805874758,0.5847011804580688,0.11661274322702432,0.33459231310657095,0.5355554819107056,0.07775832138880812,0.4102938079408237,0.6116873025894165,0.0943630045750173,0.05153900857216546,0.16824708878993988,0.045459987840927564,0.24027929135731288,0.7693735361099243,0.20424617211297763,0.2278469851506608,0.5248411893844604,0.11955124148540633,0.6344533168843814,1.1627739667892456,0.26184340457195265,0.05516536147998912,0.09880668669939041,0.022989493314022707,0,32388,2094,23.800017799949273,0.16259379987604916,0.2754859998822212,2.609375,0.04430641606450081,0.05632852017879486,False,151645,151645,coreference-2048-1,coreference,0.0625,pyramid,False
0.16477091743477754,0.43893641233444214,0.12155616878105364,0.4501269353287561,0.9493078589439392,0.29468362621147126,0.18889936159497925,0.4784725606441498,0.133706776129619,0.10489884428014713,0.43893635272979736,0.10612351004814746,0.16077051354971314,0.9743983149528503,0.23063327833725758,0.32292520880166975,0.9999758005142212,0.2798453417583034,0.19765696724477624,0.9743982553482056,0.24667422512793444,0.11286683143615457,0.9743982553482056,0.2208657236210582,0.34041782521775793,0.5375610589981079,0.07702321885321957,0.40912943333387375,0.6284176707267761,0.09983883091825695,0.06818949607674897,0.24383386969566345,0.07106544256916662,0.3159414998122624,1.1524147987365723,0.3244623220574218,0.24571212900004216,0.6143637299537659,0.17964995212003268,0.6537731606513262,1.6356652975082397,0.4243789595121333,0.05516536147998912,0.09880668669939041,0.02298949331402271,0,32388,2094,23.358324599917978,0.16480530006811023,0.253553600050509,2.046875,0.05592671409249306,0.0960191860795021,False,151645,151645,coreference-2048-1,coreference,0.0625,inv_pyramid,False
0.04522916381912572,0.18530488014221191,0.042948553305493575,0.16113405994006566,0.7397677302360535,0.17600130277792939,0.04972051656139748,0.2017393559217453,0.04601104382472746,0.03071633621584624,0.1251077651977539,0.029015621943095874,0.02151898098860069,0.12218202650547028,0.03371789991540832,0.07623314788465255,0.5463106632232666,0.11931882785717153,0.032305765192307136,0.21243584156036377,0.050877492390383264,0.013444939075790379,0.08080457150936127,0.022223188244363236,0.2968684344419411,0.5141205787658691,0.09039101065203943,0.3626212956649916,0.6258347034454346,0.10278545786659503,0.005654730440645446,0.029001709073781967,0.007837577388704086,0.0352533757686615,0.16140735149383545,0.04876054123912717,0.06512694972168122,0.18817344307899475,0.049257597854894995,0.23605922543044602,0.7496029734611511,0.1756347221591607,0.12037914246320724,0.12037914246320724,0.0,0,8304,2109,23.965653399936855,0.16614499990828335,0.27664380008354783,0.5,0.07995273917913437,0.006277403328567743,False,220,220,reasoning-2048-0,reasoning,0.125,uniform,False
0.03807747390653406,0.26507118344306946,0.05572093387572364,0.12954096283231462,0.7992465496063232,0.19243868774658704,0.0426424444220694,0.3136400580406189,0.06335782483236896,0.024935332875299667,0.17020626366138458,0.03501096629899145,0.01698220013401754,0.1465025544166565,0.0331662313800865,0.06691417059378832,0.5057758092880249,0.113250017359757,0.02708188731152664,0.2118910849094391,0.04842311058580882,0.009996006341160475,0.0845179408788681,0.019515136042295104,0.2492934680942978,0.5647937059402466,0.10008583108112773,0.30495157092809677,0.5790660977363586,0.10894526281853684,0.0038054880956873865,0.03881808742880821,0.007720794215749128,0.02378922700881958,0.25364887714385986,0.050465729429111636,0.05071268719621003,0.25539809465408325,0.04849331111765546,0.17936961485871247,0.9066153764724731,0.17303787075452623,0.1207958310842514,0.1207958310842514,0.0,1,220,2110,0.0,0.16479240008629858,0.26830490003339946,9.40625,0.00011442288814578205,4.1118300941889174e-07,False,16,16,reasoning-2048-0,reasoning,0.125,uniform,False
0.04929844270061169,0.21566937863826752,0.04863479523615355,0.16325933166912623,0.7505612373352051,0.16533658252499545,0.055308645125478506,0.2559784948825836,0.055974302622384176,0.032115851528942585,0.1330055147409439,0.03219630458807478,0.01777557306507203,0.13073162734508514,0.03044344698614244,0.0699174737341569,0.5427626371383667,0.117966405198259,0.026863597277302427,0.15675881505012512,0.04172392099375479,0.010609077504860969,0.0889337807893753,0.019026870846158797,0.2887384817004204,0.5450762510299683,0.09549713181498445,0.3467632457613945,0.6305886507034302,0.10192820569879925,0.007077276731641697,0.03693802282214165,0.010072790096625277,0.04324190744331905,0.2738020420074463,0.061560948515480204,0.07109190503667508,0.22284233570098877,0.04925537607081786,0.26716557304774013,0.9866064190864563,0.19594210698895034,0.12121212482452393,0.12121212482452393,0.0,2,16,2111,0.0,0.1664460999891162,0.25182659993879497,5.46875,0.002639968181028962,6.031116208760068e-05,False,25,25,reasoning-2048-0,reasoning,0.125,uniform,False
0.07901026122272015,0.3094702959060669,0.07538874584456451,0.22780058000768935,0.9575146436691284,0.2118281497358477,0.08998942810909025,0.3142954707145691,0.07576941800834569,0.05422875651025346,0.22630374133586884,0.05436465661149279,0.03259556891862303,0.2570180594921112,0.04990535128405697,0.10776656123510163,0.5471880435943604,0.1392061960427223,0.04566004066977517,0.27897757291793823,0.060010824624245354,0.021954228274158334,0.19735023379325867,0.037481502918681166,0.3335005561155932,0.648005485534668,0.11722119307842992,0.3938533940485546,0.6758836507797241,0.11866140713899388,0.010152626742637949,0.03077499195933342,0.00834696845413706,0.05845060305935996,0.21045827865600586,0.049090672986422855,0.09979491946952683,0.29702872037887573,0.06260841713474366,0.3331277116334864,0.7804772853851318,0.15965972954243005,0.10648366808891296,0.10648366808891296,0.0,3,25,2112,0.0,0.16523719998076558,0.26455789990723133,1.109375,0.14018039405345917,0.008641800843179226,False,56292,56292,reasoning-2048-0,reasoning,0.125,uniform,False
0.13877044524997473,0.3506804406642914,0.08387425294796085,0.39796378569943563,0.7972197532653809,0.1818221880015205,0.15339851911578858,0.36047905683517456,0.08571507579098933,0.08834520900355917,0.2688366174697876,0.06323336501247476,0.07335775997489691,0.35311460494995117,0.08104463100326302,0.20127993735617825,0.6216654777526855,0.16354412160821843,0.10492002910801343,0.4011830687522888,0.10396726766355958,0.04875812097452581,0.25471943616867065,0.05532308028013477,0.3735073639878205,0.6344821453094482,0.10812008819553245,0.39965055137872696,0.6394184827804565,0.10679494056234534,0.04018594057665074,0.3289203643798828,0.06048119738207513,0.21023220462458475,1.3094398975372314,0.3155397667208705,0.18196691373097046,0.4463294446468353,0.08592740925924083,0.5364975237420627,1.2015597820281982,0.23013251103440968,0.10690633952617645,0.10690633952617645,0.0,4,56292,2113,0.0,0.16387309995479882,0.27422469994053245,3.71875,0.024664761498570442,0.03328169882297516,False,7117,7117,reasoning-2048-0,reasoning,0.125,uniform,False
0.1337721688406808,0.3780021667480469,0.083933819464206,0.3762467588697161,0.8175871968269348,0.17224753482663627,0.15629906406892197,0.39067935943603516,0.08559575192604195,0.0878371026233903,0.29793888330459595,0.06429666362100953,0.06722005107440054,0.2922981381416321,0.06503487352067913,0.20925067105729664,0.6130885481834412,0.15797443424983434,0.09636214751351092,0.33221718668937683,0.07825005906234904,0.04520578368101269,0.20159471035003662,0.04511383541377512,0.39362782931753565,0.6612938046455383,0.10659099883306745,0.43181777745485306,0.6852868795394897,0.10290824553100289,0.03543876994600786,0.2528068721294403,0.04889147490839846,0.19576198288372584,1.1465396881103516,0.26436182804078984,0.1713293959785785,0.39190006256103516,0.07855315057854155,0.5271544046700001,1.2192002534866333,0.24914143387102217,0.10732860863208771,0.10732860863208771,0.0,5,7117,2114,0.0,0.16546680009923875,0.2750097999814898,7.671875,0.0014613663079217076,0.00012865039752796292,False,220,220,reasoning-2048-0,reasoning,0.125,uniform,False
0.10661234028105225,0.36437758803367615,0.07756536504097769,0.29674328224999563,0.9362775683403015,0.1709037610800596,0.12971542682498693,0.3771688938140869,0.07593845508120298,0.06980771757662296,0.23850050568580627,0.05345656093165648,0.05182671909486609,0.2273276299238205,0.048518926359178184,0.17474760194974287,0.4684566557407379,0.13071912233708644,0.07923799966062818,0.25714489817619324,0.0625149700162261,0.035065818877358525,0.16685757040977478,0.03601441223502453,0.3569424333316939,0.668355405330658,0.09713500576515795,0.39988292434385847,0.7167168855667114,0.10120331800063063,0.019868451262092485,0.07610421627759933,0.017347810914690717,0.10044580485139575,0.3535417318344116,0.09141482388898073,0.14020481732274806,0.31334245204925537,0.06562248759787773,0.43187359667250086,0.7912808656692505,0.1677430133053113,0.10775046795606613,0.10775046795606613,0.0,6,220,2115,0.0,0.16422279994003475,0.2721897999290377,9.0,0.000375910138245672,1.4542740245815367e-05,False,16,16,reasoning-2048-0,reasoning,0.125,uniform,False
0.10429896314495377,0.3380396366119385,0.06470591122122234,0.3331493692738669,0.761736273765564,0.19741803088370194,0.12837580631354026,0.3526672422885895,0.06791460928681413,0.06740084676338094,0.18474805355072021,0.041119885882329135,0.054348747545321076,0.24881039559841156,0.05245674170739886,0.17741546793175594,0.6023988127708435,0.1419686771630409,0.08909957423540098,0.311149537563324,0.07473219726272891,0.03538802698520677,0.16358083486557007,0.03410198774594904,0.35320545945848736,0.6149514317512512,0.09270758617382092,0.39546525850892067,0.6567051410675049,0.09916038124990606,0.022452770108689686,0.12170996516942978,0.02391244483070004,0.12111299804278783,0.5771253705024719,0.12386255254064807,0.14400641713291407,0.33059757947921753,0.07301158160727775,0.4461056206907545,0.9485980272293091,0.22037796467720142,0.10817193984985352,0.10817193984985352,0.0,7,16,2116,0.0,0.16595839988440275,0.26676749996840954,8.109375,0.0005923929275013506,0.0023586612660437822,False,22,22,reasoning-2048-0,reasoning,0.125,uniform,False
0.10253498380604599,0.2970854640007019,0.06478274776508457,0.30323842806475504,0.7919473052024841,0.18003792276658112,0.13526105827518872,0.3178356885910034,0.06421879232287278,0.06454380046177123,0.17825987935066223,0.042592349182878304,0.06169853755272925,0.2742372155189514,0.06274825618731729,0.17670582624019257,0.594295859336853,0.15269974188491858,0.10663983997489725,0.3327521085739136,0.08714900581197672,0.03880636075544836,0.17298771440982819,0.03891064154933801,0.3672755669270243,0.5884630680084229,0.0932048873410309,0.4191238709858486,0.6356803774833679,0.09612621142283428,0.015840238001796285,0.06711611151695251,0.0135728595974204,0.09204820011343275,0.40980708599090576,0.09017193840710067,0.12640317868707435,0.26796743273735046,0.05233585789127636,0.4053847547620535,0.8077948689460754,0.1664424206336075,0.10859300941228867,0.10859300941228867,0.0,8,22,2117,0.0,0.16247690003365278,0.31605059979483485,6.0625,0.002521473914384842,0.0002289518597535789,False,10993,10993,reasoning-2048-0,reasoning,0.125,uniform,False
0.11686748093260187,0.23150959610939026,0.0659726751146047,0.36101123690605164,0.7647562026977539,0.1796477220737807,0.14088967189724957,0.26364707946777344,0.06792639100475772,0.07380538014695048,0.20004095137119293,0.04514822380265185,0.072039252529586,0.24741488695144653,0.06554480127166071,0.2037866045055645,0.6554250121116638,0.1707409619554831,0.11494006462661284,0.34589847922325134,0.09135950980578218,0.04495267170880522,0.1475892961025238,0.04131926481153095,0.3779178730079106,0.6021721959114075,0.09254281371902223,0.42398674892527716,0.6701650619506836,0.09358074922891262,0.028187579421293258,0.1531745195388794,0.032191759428820826,0.1959672314780099,1.3853932619094849,0.3197413260101544,0.14581066689320973,0.29912012815475464,0.060992465562368356,0.4840718289571149,1.1232374906539917,0.2235393226363072,0.10901368409395218,0.10901368409395218,0.0,9,10993,2118,0.0,0.1660420000553131,0.274124399991706,1.390625,0.06404778361320496,0.013661842793226242,False,624,624,reasoning-2048-0,reasoning,0.125,uniform,False
0.07183540328904721,0.3219592571258545,0.07399946956040802,0.2401058886732374,0.8163335919380188,0.21862791060986878,0.08106606428711009,0.32941919565200806,0.07570866905677438,0.04674073656289173,0.1751934438943863,0.04831001445326934,0.03890475896436588,0.24927040934562683,0.05887476349769162,0.1263339705515786,0.6444017887115479,0.16772798686387053,0.056844585708209446,0.3060886859893799,0.07521967304513583,0.02491725522226521,0.18437203764915466,0.03912543670452532,0.337887383465256,0.5539121627807617,0.09406187003218587,0.4063647197825568,0.5851667523384094,0.09548711584298274,0.01491447318403516,0.14505457878112793,0.02702262259862716,0.09519132333142417,0.7471215724945068,0.16213923003842834,0.09407960510413561,0.2807336449623108,0.06239759420974642,0.35951800058994976,0.9707319140434265,0.2241028108117349,0.10943396389484406,0.10943396389484406,0.0,10,624,2119,0.0,0.16571720014326274,0.2708299998193979,6.234375,0.004150840919464827,0.00016531147412024438,False,8304,8304,reasoning-2048-0,reasoning,0.125,uniform,False
0.03903262683057359,0.1895618736743927,0.04394419852129344,0.14966119825839996,0.7748396396636963,0.18234481314140083,0.04506568045222333,0.20707149803638458,0.04847400045073089,0.027025023570916216,0.13473916053771973,0.03189828987817351,0.028691219118627487,0.19536422193050385,0.04814447803908464,0.09958502251538448,0.5780121088027954,0.15008122233783314,0.041482689319569284,0.23494362831115723,0.06467385756106096,0.01913673086788289,0.14324325323104858,0.033175483765344585,0.28763571700879503,0.5386795401573181,0.0846167159092038,0.3613741844892502,0.6363755464553833,0.09414854094354706,0.006236179009046542,0.06034766137599945,0.012252763942760437,0.04952028180871691,0.5626769661903381,0.11334202279008614,0.05523807467294058,0.19425533711910248,0.045578651243656634,0.2319124935061804,0.9172734022140503,0.22780783074983776,0.1098538413643837,0.1098538413643837,0.0,11,8304,2120,0.0,0.1628119999077171,0.2731887998525053,11.734375,1.2025790056213737e-05,-1.2898104806424726e-10,False,220,220,reasoning-2048-0,reasoning,0.125,uniform,False
0.03789451023164604,0.2802478075027466,0.0635652337195118,0.16006892493792943,0.9894278049468994,0.25770958232437413,0.0407909676640494,0.33718374371528625,0.06877249841789958,0.020255835970082053,0.1825416088104248,0.035279284148576506,0.024855557349318196,0.19085608422756195,0.04779106141897952,0.07638453222482765,0.48886218667030334,0.12291684854842296,0.04366738906329764,0.31012845039367676,0.07823437982001286,0.014848504419855349,0.11882704496383667,0.029797110268181385,0.2540684496717794,0.5625723600387573,0.09028335888963121,0.32302056891577585,0.5959804058074951,0.0942877766106,0.006890099106645461,0.06657098233699799,0.01580116723766983,0.06255406779902321,0.6666476726531982,0.1551900965989184,0.04551662564543741,0.28505271673202515,0.0557150428350699,0.22012400490763998,1.0398112535476685,0.2814409822333104,0.1102733239531517,0.1102733239531517,0.0,12,220,2121,0.0,0.16651570005342364,0.2747384998947382,10.375,3.656269473140128e-05,2.80502888472256e-07,False,17,17,reasoning-2048-0,reasoning,0.125,uniform,False
0.06061202658539904,0.2702065706253052,0.0648022585151584,0.21761891032968247,0.7896824479103088,0.19925255438591483,0.06872790020757488,0.2794191241264343,0.0717542035007274,0.039465493763730465,0.21162210404872894,0.04661720148147996,0.03549118387828847,0.3090645372867584,0.06317931597383576,0.1168504008590909,0.5985743999481201,0.16513268152816826,0.05674141664141124,0.36358070373535156,0.08715897524612569,0.02213326307953269,0.22447451949119568,0.0435814456661348,0.32082207607371466,0.6144656538963318,0.09052799003221068,0.3918700707810266,0.6422876119613647,0.08702703788612477,0.00865189065926383,0.036644935607910156,0.010219806210763406,0.06574205202715737,0.41684049367904663,0.10374635923499428,0.07382014239140387,0.21935883164405823,0.05480270686768001,0.3008574600264962,1.05064058303833,0.24202935658393246,0.11069241911172867,0.11069241911172867,0.0,13,17,2122,0.0,0.16548530012369156,0.2703005999792367,11.625,3.657493653008714e-05,6.795306489948416e-06,False,25,25,reasoning-2048-0,reasoning,0.125,uniform,False
0.08959918148216925,0.4043006896972656,0.08873738281141655,0.28868927700178965,0.7894554734230042,0.21449903251528585,0.10121549300051161,0.4198998808860779,0.09293818654349545,0.05757601243177695,0.23643600940704346,0.05555442560886262,0.05288524343216393,0.3645365834236145,0.07202300204279832,0.16612537875438907,0.6094474792480469,0.16726664149759643,0.0798907313728705,0.41882777214050293,0.08835029777048622,0.03359652689791152,0.22469213604927063,0.04520581964441339,0.3525131360760757,0.6603670716285706,0.10227414937030382,0.4124093534690993,0.6512248516082764,0.0941824157569668,0.013256453845055407,0.04361078143119812,0.012710207697574024,0.07795751946313041,0.3769630789756775,0.08083165241254366,0.10443208646029234,0.350492000579834,0.07842831397770084,0.3679034039378166,0.8239380121231079,0.21792444239703804,0.1111111119389534,0.1111111119389534,0.0,14,25,2123,0.0,0.16510049998760223,0.2789936000481248,5.28125,0.007967821322381496,0.0018313045147806406,False,29405,29405,reasoning-2048-0,reasoning,0.125,uniform,False
0.1474505465344659,0.45031559467315674,0.10166570240790908,0.4552545057875769,0.9806966185569763,0.22380644450086679,0.16012734387602126,0.4656164050102234,0.10591265909447774,0.09018676106019743,0.24354806542396545,0.05748191248678394,0.08090788393747061,0.3867506682872772,0.08902903468511372,0.22087498308558548,0.6060220003128052,0.17588212177716867,0.11380250193178654,0.477983683347702,0.11377669486949972,0.049507484738049765,0.2035476565361023,0.051654671000807895,0.3824696072510311,0.6336743831634521,0.10690230403210547,0.4168377513332026,0.6357020139694214,0.10388944957924072,0.043204563493158536,0.32940351963043213,0.06138001254730491,0.24302722726549422,1.3733699321746826,0.3339221251739666,0.1749221891430872,0.43538761138916016,0.09622306077534373,0.538299975384559,1.1104850769042969,0.24874079329686938,0.11152941733598709,0.11152941733598709,0.0,15,29405,2124,0.0,0.16496909991838038,0.2720037999097258,3.140625,0.0475410558283329,0.0659666657447815,False,7117,7117,reasoning-2048-0,reasoning,0.125,uniform,False
0.11268436782328146,0.34070372581481934,0.0764977647918555,0.3291147713150297,0.7428225874900818,0.1738267167554042,0.13338445898677623,0.35276347398757935,0.07600078285125203,0.07600935731482293,0.2165919691324234,0.05879340583494847,0.06436705890311194,0.2582978904247284,0.06249033603979722,0.20386352556358492,0.6181524991989136,0.16393883031901915,0.09889996979784753,0.3163987994194031,0.08505715307213696,0.03982012188394687,0.142643004655838,0.0382038862481046,0.38152116749967846,0.601976752281189,0.09344171356824531,0.4394256291644914,0.6728682518005371,0.09879110284968295,0.0207608064852788,0.1127195805311203,0.022151294030699303,0.130841069987842,1.109046220779419,0.205780761028807,0.1345923686666148,0.32271814346313477,0.0655019738342867,0.44308157158749445,1.1461795568466187,0.21215412175533946,0.11194731295108795,0.11194731295108795,0.0,16,7117,2125,0.0,0.16337509988807142,0.2810434999410063,3.09375,0.035831380635499954,0.02244766801595688,False,220,220,reasoning-2048-0,reasoning,0.125,uniform,False
0.10206565859594516,0.2945893108844757,0.07311813851029997,0.3113958409854344,0.9945052862167358,0.2041618310935727,0.12131522336442556,0.30265405774116516,0.07349694302086462,0.061898975633084774,0.26268985867500305,0.0535720748734457,0.05338540704854365,0.20195423066616058,0.05347258382188164,0.18633936884413874,0.5378512144088745,0.15811471059473123,0.08378604383740042,0.30086493492126465,0.07838035689556004,0.03512552247515747,0.15700434148311615,0.038568048441664074,0.354939908853599,0.5789284706115723,0.08390835332619707,0.4142425443444933,0.6753253936767578,0.08814542023827536,0.017567311386561153,0.05858444795012474,0.016831967680680914,0.08728801991258349,0.216094970703125,0.06614625650037469,0.12542290373572282,0.3113291561603546,0.07279349551231641,0.3906920908817223,0.623035192489624,0.1613814156656954,0.11236483603715897,0.11236483603715897,0.0,17,220,2126,0.0,0.1642856001853943,0.275803399970755,2.890625,0.047331925481557846,0.020580731332302094,False,16,16,reasoning-2048-0,reasoning,0.125,uniform,False
0.10542589226471526,0.3103561997413635,0.06667166215143436,0.3209287311349596,0.6943289637565613,0.1731126511590131,0.1286844315140375,0.32336682081222534,0.07145590493862476,0.06396206355254565,0.2424675077199936,0.04933310034088121,0.06221618054301611,0.23517733812332153,0.06155229632366853,0.19395301131797688,0.6038483381271362,0.17312718542828356,0.0979082268230351,0.31959182024002075,0.0852952404189899,0.040440274485653,0.15987664461135864,0.042084599372520556,0.3614686227270535,0.5259556174278259,0.0853219195632864,0.41715911137206213,0.6098219752311707,0.08918537063610879,0.021162084264298237,0.07892780005931854,0.01971448867550421,0.1255370399781636,0.5892343521118164,0.12415617751360089,0.1324484944343567,0.29911819100379944,0.06871280541241812,0.44925040538821903,0.9135429859161377,0.2014996108016562,0.11278195679187775,0.11278195679187775,0.0,18,16,2127,0.0,0.16534409997984767,0.26411679992452264,4.5,0.02271318808197975,0.0068854112178087234,False,17,17,reasoning-2048-0,reasoning,0.125,uniform,False
0.12835727778396436,0.288036584854126,0.06914046076869397,0.39092759788036346,0.9723128080368042,0.23521522974048342,0.15112451118017947,0.3039037883281708,0.07234392491040992,0.07691583285174731,0.22875502705574036,0.050360827178950844,0.08119744574651122,0.2891056537628174,0.07355998669248139,0.22644097098548496,0.558767557144165,0.16295319503236916,0.12861633620091847,0.3879868984222412,0.10104623255443583,0.0509639236177983,0.18665051460266113,0.04794747641828506,0.38415433892181944,0.5607189536094666,0.0956514069147672,0.42497289180755615,0.5962474346160889,0.09211691885181034,0.02731623481460182,0.14227919280529022,0.02762323930528695,0.1585897100823266,1.2096492052078247,0.22978146703369928,0.15530823357403278,0.2881931662559509,0.06782070514718905,0.47643119948250906,1.0529866218566895,0.20830655546946092,0.11319868266582489,0.11319868266582489,0.0,19,17,2128,0.0,0.16535399993881583,0.25220909994095564,8.515625,0.0008308739052154124,0.0005943452124483883,False,10993,10993,reasoning-2048-0,reasoning,0.125,uniform,False
0.10886885425341981,0.3224111497402191,0.0730823607199348,0.3375889893089022,0.7435860633850098,0.1815302678607084,0.123739894213421,0.333520770072937,0.07703761095270274,0.07177356890003596,0.25135329365730286,0.05293983621663857,0.07460947249949511,0.26599857211112976,0.07306184068414026,0.21613954114062445,0.6439346075057983,0.18238728817747243,0.11628693897676255,0.3716523051261902,0.10663160642397447,0.04605290289535852,0.1540631502866745,0.04556521162133613,0.3773381699408804,0.595981776714325,0.09253890816719926,0.4329539069107601,0.6501144766807556,0.0979267838221493,0.026130293649787615,0.12071631848812103,0.027845867328165293,0.1711090270962034,1.1057894229888916,0.2604923883579537,0.13720188409622228,0.30821967124938965,0.0708451711128432,0.4588531936917986,1.0618913173675537,0.2300168710360657,0.11361502856016159,0.11361502856016159,0.0,20,10993,2129,0.0,0.17602199991233647,0.28493480011820793,3.375,0.01792050711810589,0.0016076341271400452,False,624,624,reasoning-2048-0,reasoning,0.125,uniform,False
0.06443656821336065,0.30930304527282715,0.06658493668580731,0.21347929963043757,0.7424421310424805,0.1935131358086105,0.0719379412642281,0.318045973777771,0.06909716446812994,0.04324369235629482,0.16971366107463837,0.042887961180591544,0.044331422653548155,0.2272104024887085,0.059070927566793906,0.14088289837153362,0.6329412460327148,0.17143622959852312,0.0676378680925284,0.3372868597507477,0.08164497145775128,0.02824535467412456,0.14851287007331848,0.037997917272402586,0.3477252476981708,0.5618687868118286,0.08898281446503728,0.423324605183942,0.6328309178352356,0.09612375138112222,0.013211125667761994,0.11684490740299225,0.021721197755569077,0.08112354576587677,0.48761892318725586,0.10698946127203464,0.0866624259589506,0.29175809025764465,0.06069482077640444,0.33757846735950026,0.9065227508544922,0.2254165222409981,0.11403097212314606,0.11403097212314606,0.0,21,624,2130,0.0,0.16639929986558855,0.26774849998764694,11.046875,0.00010866954107768834,2.6992408947990043e-06,False,8304,8304,reasoning-2048-0,reasoning,0.125,uniform,False
0.03812748276894646,0.1849822849035263,0.0430318245371299,0.15487113169261388,0.7710886597633362,0.18128275710373287,0.04497573448212019,0.20204341411590576,0.04978853531182482,0.027167723156578307,0.13486981391906738,0.03188624271068433,0.0322304230867303,0.18672680854797363,0.052080870518774906,0.10399823666583481,0.5947091579437256,0.1497601402508917,0.04808779862339309,0.33564692735671997,0.07688567217095708,0.020817660529116568,0.1276196539402008,0.03338841406506389,0.31696787955505507,0.5253090858459473,0.08316443359808837,0.40296132436820437,0.6408917903900146,0.09559056527745521,0.004558077886680881,0.026497121900320053,0.006185505301209573,0.03514183844838824,0.2456430196762085,0.05505490408424883,0.05030032451863268,0.18704693019390106,0.04197203181843297,0.2197764227166772,0.9323133230209351,0.20454818410645956,0.11444652825593948,0.11444652825593948,0.0,22,8304,2131,0.0,0.1666081000585109,0.29209959995932877,15.578125,9.487065995017474e-07,3.7805541808211274e-08,False,220,220,reasoning-2048-0,reasoning,0.125,uniform,False
0.035007473971096,0.2574172019958496,0.05834528682061806,0.1275156012603215,0.9988667368888855,0.2246261085798213,0.04008249683621606,0.3131263256072998,0.06794404976478305,0.022952569594573497,0.17993193864822388,0.03858311316916811,0.02812116379521155,0.1737067699432373,0.049038964616626164,0.09060911882884934,0.5240340232849121,0.13612382897132344,0.047838717805072,0.30847668647766113,0.08095802806894807,0.018714168019609394,0.1381300985813141,0.03428638417123911,0.27931213644998415,0.5554705262184143,0.09342329185320893,0.3554850625140326,0.6517379879951477,0.1011239853204351,0.0037919572012989583,0.0367513969540596,0.008680911985152829,0.026974103280476162,0.2822529077529907,0.06211305869002642,0.04049893555098346,0.25562822818756104,0.05037035528119462,0.16808652149380318,1.0128999948501587,0.20689798002374843,0.11486169695854187,0.11486169695854187,0.0,23,220,2132,0.0,0.16574450000189245,0.27727829990908504,11.875,1.4843703866063152e-05,3.2216880185842456e-07,False,18,18,reasoning-2048-0,reasoning,0.125,uniform,False
0.046668343395659964,0.17305025458335876,0.042179128414077414,0.16981489743505204,0.6660239100456238,0.1621433411661223,0.054193160346975286,0.21546079218387604,0.04917029443744283,0.029123829569601054,0.09535177052021027,0.024265351267876153,0.0290181601137322,0.30071163177490234,0.05939999403357735,0.08948356134767112,0.555747926235199,0.136104898990246,0.03964622226547882,0.32133203744888306,0.07005802142052572,0.017916721162431974,0.20881780982017517,0.040177698699591334,0.2965836838952133,0.5153334140777588,0.08996714905084818,0.3678825471018042,0.7224604487419128,0.11225630257058336,0.006013015371926096,0.023814266547560692,0.007156044739936202,0.039146870374679565,0.187247633934021,0.0455836870792915,0.06659177338172283,0.16474539041519165,0.04540567589919002,0.2523295195507152,0.5858211517333984,0.15326774008518573,0.1241706105481301,0.19620852172374725,0.04470076075526569,0,8304,2109,23.908822200028226,0.16344540007412434,0.2488917000591755,0.6406250596046448,0.07978183031082153,0.01697479747235775,False,220,220,reasoning-2048-0,reasoning,0.125,pyramid,False
0.03942388363481898,0.2042032927274704,0.04731670841531061,0.13599805321012223,0.7553673982620239,0.1790183561413428,0.0451581865449303,0.25114259123802185,0.055527623701581555,0.023027734373629625,0.11619774997234344,0.025310214209047867,0.01969455713853157,0.20611850917339325,0.0417722630893162,0.07410291480898325,0.4059489965438843,0.1158719397669221,0.029468096649257598,0.23436583578586578,0.05420430736279469,0.011793432642662083,0.12800776958465576,0.025408038844264402,0.248808158029403,0.558754026889801,0.09930793171007105,0.3089456499687263,0.6637751460075378,0.11813632772010292,0.007213726684832571,0.08939187973737717,0.016952277143019497,0.03831524082592556,0.3900097608566284,0.07845568414006696,0.0590420421046604,0.21040305495262146,0.049758850189882915,0.21335500891187362,0.8002061247825623,0.18740940613470777,0.12458550557494164,0.19658929109573364,0.04467958732700012,1,220,2110,0.0,0.16249499982222915,0.2688013999722898,9.609375,9.56213116296567e-05,3.731006927409908e-06,False,16,16,reasoning-2048-0,reasoning,0.125,pyramid,False
0.05435091243790729,0.2585509717464447,0.05753475834795907,0.17501439579895564,0.6625595688819885,0.15615984525169546,0.05996896622569433,0.2856612205505371,0.06426032720225007,0.0345881206948044,0.14838436245918274,0.036433941786423396,0.02149788299617025,0.2597573697566986,0.04880364197154032,0.07490601088751905,0.5439072251319885,0.1260489679934157,0.030162975339668004,0.2859801650047302,0.05681891800951767,0.013506813870792809,0.16874587535858154,0.03161980374906615,0.2891163426850523,0.5461403131484985,0.0956740920077906,0.35047412131513866,0.6968876123428345,0.11019597733575924,0.007978820066845011,0.039536625146865845,0.0098211323051366,0.049586936831474304,0.2461693286895752,0.06439400282097277,0.07559824415615626,0.19945243000984192,0.05121009833185624,0.2803541331418923,0.7279379367828369,0.1806731061565611,0.1250000037252903,0.19696970283985138,0.04465843361331741,2,16,2111,0.0,0.1623521998990327,0.2724188999272883,5.484375,0.0026027767453342676,5.276310912449844e-05,False,25,25,reasoning-2048-0,reasoning,0.125,pyramid,False
0.09698794009662899,0.5138083696365356,0.1139305775073607,0.24517172362123216,0.6848088502883911,0.20348302529970203,0.10775016022047826,0.5138083696365356,0.11278385271274805,0.07339514902144272,0.5138083696365356,0.10555763697807212,0.04648125202844052,0.5020977854728699,0.09566483714396533,0.12936059320678137,0.8201000690460205,0.18244423098394735,0.06133117242383638,0.5020977854728699,0.09878121988651858,0.03599622446095704,0.5020977854728699,0.09305927088958171,0.33575086455260006,0.6574352383613586,0.1194131005688655,0.391532371618918,0.7180063128471375,0.1259084401824686,0.018039555868849026,0.09070538729429245,0.0238892767590477,0.09326049259730748,0.40510207414627075,0.107851839027537,0.12373127262773258,0.4806494116783142,0.10948034353325473,0.39093777909874916,0.9966892600059509,0.24018347357274822,0.11189236505223173,0.18220539391040802,0.046008886440399244,3,25,2112,0.0,0.1631831000559032,0.2837827999610454,1.390625,0.12543272972106934,0.03844679892063141,False,56292,56292,reasoning-2048-0,reasoning,0.125,pyramid,False
0.15984852585409368,0.6319307684898376,0.130611005060357,0.4286035192864282,0.8434140086174011,0.21019091289013248,0.1782345049349325,0.6308313608169556,0.12993470885306374,0.09963658867803003,0.37378010153770447,0.09024479709187327,0.09207180150718029,0.7123998403549194,0.13902382119532786,0.22330261873347418,0.8636569380760193,0.19422466887458684,0.12979259927357947,0.7868032455444336,0.16122869719173918,0.05877212299466399,0.42621326446533203,0.08651927788838044,0.3751861814941679,0.6361676454544067,0.10864340599802846,0.3933517017534801,0.6131829619407654,0.10594384467407789,0.04827524915370824,0.3316307067871094,0.06724467443870125,0.23210559572492326,1.3149834871292114,0.3317619094437308,0.19396125711500645,0.45770034193992615,0.11504056217231112,0.5440731458365917,1.2007333040237427,0.2522691406515143,0.1123124754854611,0.1825922429561615,0.045987123229260324,4,56292,2113,0.0,0.16664059995673597,0.2696390999481082,3.234375,0.03105555661022663,0.028882533311843872,False,7117,7117,reasoning-2048-0,reasoning,0.125,pyramid,False
0.15077971354393022,0.6619834899902344,0.1375774547270971,0.3762302143233163,0.8815207481384277,0.20052553335206544,0.174731036249016,0.6654093265533447,0.13401499032855663,0.10205486506622817,0.46858087182044983,0.10494247114521395,0.08582773694901594,0.6495586037635803,0.1279700021416482,0.23256259597837925,0.8262037038803101,0.19998855040571165,0.12150858718502734,0.7464734315872192,0.1483165551686318,0.055981178767979145,0.41188159584999084,0.0842544748313421,0.3951709621718952,0.6685789823532104,0.10802658852578861,0.4306620934179851,0.691466212272644,0.1029874688017911,0.03835787765897943,0.30020377039909363,0.05904364746083184,0.17621040982859476,0.9933279752731323,0.22896524630108597,0.18091784710330622,0.5396172404289246,0.12555537365740602,0.5189523159393242,1.341863989830017,0.2999806085331884,0.11273218731262855,0.18297873437404633,0.045965382309074015,5,7117,2114,0.0,0.1630737001542002,0.2754629000555724,6.828125,0.0018219725461676717,0.0006937819416634738,False,220,220,reasoning-2048-0,reasoning,0.125,pyramid,False
0.12216697919315525,0.6096543073654175,0.12009878677367679,0.3165978917053768,0.7934080362319946,0.19907659194068544,0.14828842006889836,0.628799557685852,0.12042453370008942,0.08592658203893475,0.4988888204097748,0.10135710901761334,0.06610851528655205,0.4695693254470825,0.08964837397244513,0.20515867894781487,0.7436653971672058,0.17490883297932316,0.09952732947255884,0.5761919021606445,0.11026022065365713,0.04601801273279956,0.38361161947250366,0.07254958099943147,0.3601218605680125,0.6825156211853027,0.09939430732468388,0.39806417216147694,0.7492451667785645,0.10445240494625786,0.025817780004997206,0.1068466529250145,0.02723332605521699,0.11635840364864894,0.35603898763656616,0.10561274746631925,0.1560819071185376,0.49391016364097595,0.10653023017389651,0.44047271327248644,0.8692628145217896,0.22205601542221848,0.11315149507884469,0.1833648383617401,0.045943657007569194,6,220,2115,0.0,0.16361370007507503,0.26339760003611445,8.609375,0.0003819577395915985,3.0383116609300487e-05,False,16,16,reasoning-2048-0,reasoning,0.125,pyramid,False
0.12343853575709675,0.609722375869751,0.11559499660305339,0.33702723469053,0.9218502044677734,0.22802732844520676,0.1501836350985936,0.6327221989631653,0.11965103179243494,0.08069270381903541,0.4136771559715271,0.08152742496631073,0.06982867993480925,0.5806562304496765,0.10723198399738697,0.20029138028621674,0.8248380422592163,0.18072682495981882,0.11642125581524201,0.7276564240455627,0.1423787279521468,0.04493672065603148,0.36167705059051514,0.06780087693438606,0.3555190499339785,0.6301472187042236,0.0946798524132387,0.39145784825086594,0.6651765704154968,0.09875544223615151,0.03035125669183409,0.1447576880455017,0.037553925354458194,0.1447854425225939,0.7930988073348999,0.1739916536622413,0.16105762110756977,0.5049596428871155,0.10868032701777486,0.47085207274981905,1.4039310216903687,0.2917006475404016,0.11357041820883751,0.18375059962272644,0.04592195660273727,7,16,2116,0.0,0.16025229985825717,0.2639982998371124,8.640625,0.0004828019591514021,0.002450956730172038,False,22,22,reasoning-2048-0,reasoning,0.125,pyramid,False
0.1314170371208872,0.692628800868988,0.1395364169545702,0.33214900536196573,0.8329479694366455,0.21564326769918643,0.1644348581986768,0.6960612535476685,0.1354753448562984,0.07784013122519744,0.3951815664768219,0.08190523909432201,0.08190038078464568,0.6322991251945496,0.12251737924538203,0.20260013067828758,0.7975583076477051,0.18940452263910687,0.13180203210296376,0.6883169412612915,0.1411848741945758,0.05131629871071449,0.4357094168663025,0.08357822419827066,0.37067049369215965,0.6080111265182495,0.0954778125532095,0.4161222662244524,0.6404234170913696,0.09551310385058691,0.02163464662485889,0.09360164403915405,0.023568140485915382,0.1171225437096187,0.7412193417549133,0.14323218850019045,0.14170218259096146,0.3905920684337616,0.0842635199933793,0.4326418547758034,1.179751992225647,0.22180432384551713,0.11398893701178688,0.18413597345352173,0.045900273949961774,8,22,2117,0.0,0.16241040010936558,0.25078000011853874,6.453125,0.0021955359261482954,0.0009151453850790858,False,10993,10993,reasoning-2048-0,reasoning,0.125,pyramid,False
0.13291095955563442,0.5302144885063171,0.10572343900439267,0.3765794166496822,0.777972936630249,0.20841702430886078,0.15812010650656053,0.5542620420455933,0.10559383587488373,0.07708844356238842,0.2650749087333679,0.06698381651940194,0.09233312985660243,0.6009303331375122,0.11889246376820259,0.23261245034102881,0.7178263664245605,0.19909325090717636,0.14253841127668107,0.7454306483268738,0.15180262498613162,0.052676152770540545,0.2699351906776428,0.05904741182145124,0.37840141568865093,0.6030870079994202,0.09168600240656441,0.4211622934256281,0.677614688873291,0.09350621014639302,0.03108543242810161,0.10457321256399155,0.028588712042530173,0.18492506657327926,1.2399030923843384,0.24437896359401096,0.15936795928116357,0.3894904553890228,0.09106143422149297,0.5030347151415688,1.037449836730957,0.2324143690745323,0.11440706066787243,0.18452098965644836,0.0458786077510748,9,10993,2118,0.0,0.16190039995126426,0.2606887000147253,1.625,0.06387020647525787,0.014467770233750343,False,624,624,reasoning-2048-0,reasoning,0.125,pyramid,False
0.07724052353296429,0.3297182321548462,0.08416111181465996,0.23945394796984537,0.6780627965927124,0.20055993715224277,0.08580249627786023,0.32971829175949097,0.08455214860781858,0.055616517384935706,0.32971829175949097,0.07310515712206586,0.04754039177870644,0.4557601809501648,0.08886021434808185,0.14152069069677964,0.8099880218505859,0.19043988765538017,0.06362756011575195,0.4557601809501648,0.09358205125841391,0.03607544757791662,0.4557601809501648,0.0850902369191003,0.3383120745420456,0.5545778870582581,0.09381917703068861,0.40904013493231367,0.6282980442047119,0.09939983796608691,0.01484161070506421,0.14033928513526917,0.026308608836249164,0.07835059293678828,0.7093265056610107,0.12975390248467067,0.10016136410247002,0.3251408636569977,0.08074998835631529,0.3459868247487715,0.9593318700790405,0.2024902637496433,0.11482479875641209,0.18490566313266754,0.045856971550817374,10,624,2119,0.0,0.1623315999750048,0.27124549984000623,5.8125,0.005686386954039335,0.00037676861393265426,False,8304,8304,reasoning-2048-0,reasoning,0.125,pyramid,False
0.04869120678631589,0.3091645836830139,0.0640187746682702,0.16923979350498744,0.6948542594909668,0.17893165894757765,0.054735486586910805,0.31252211332321167,0.06644308016811605,0.02757903960134302,0.1335131824016571,0.031963359939214724,0.04216929036192596,0.4570343494415283,0.09222431691798194,0.12278644910631036,0.735232949256897,0.18686807512308007,0.056630350570360734,0.5192059278488159,0.1091404051075381,0.028051970209032464,0.3546862006187439,0.06876743210045216,0.28789596844996723,0.5344711542129517,0.08390035573162727,0.3617595945085798,0.6962356567382812,0.09903298290893052,0.009506467471169344,0.061642613261938095,0.015226119868323553,0.06285449010985238,0.5574877262115479,0.12036693143417963,0.06757938512600958,0.22372810542583466,0.06211623736422488,0.2594467974600515,0.9131553173065186,0.23046911259453487,0.11524213664233685,0.18528996407985687,0.045835351041188285,11,8304,2120,0.0,0.16418199986219406,0.2528090998530388,12.390625,7.03845034877304e-06,1.669687435423839e-06,False,220,220,reasoning-2048-0,reasoning,0.125,pyramid,False
0.04519315882186804,0.28929805755615234,0.06775041114025214,0.1839062741824559,0.9682055115699768,0.25941842205113835,0.04699848274633821,0.29302024841308594,0.07121304992174826,0.01901878990091583,0.1326073259115219,0.02795034942921089,0.03430088962392931,0.4090754985809326,0.08043393364900966,0.09552204095858283,0.6895744800567627,0.15790992310186558,0.05043026378916693,0.4915733337402344,0.10210341183148276,0.021876179046687736,0.2944676876068115,0.05623063652143842,0.25419611749904497,0.5564887523651123,0.08939203509460883,0.3279583847948483,0.666643500328064,0.10337511896229305,0.008815844438686327,0.064671590924263,0.016073508629752018,0.06994262550558362,0.6384864449501038,0.15206409042595476,0.054456707929992784,0.20482468605041504,0.05755214803916938,0.2423192345138107,1.0310713052749634,0.2726813087154079,0.11565907818398305,0.18567389249801636,0.04581374949106835,12,220,2121,0.0,0.18152690003626049,0.24412399996072054,10.46875,3.395859675947577e-05,1.1762143685700721e-06,False,17,17,reasoning-2048-0,reasoning,0.125,pyramid,False
0.06809553558871682,0.4380718171596527,0.08921373054228458,0.23783514967986516,0.7869980335235596,0.2173785537502483,0.07440953503828496,0.4385145902633667,0.09130487637755724,0.04875969146710953,0.36942344903945923,0.07304822606659986,0.045601797073946466,0.5347107648849487,0.10182535181569087,0.13126357084339751,0.8764957189559937,0.1937650064779357,0.06415435796952806,0.601373553276062,0.12133734905250129,0.03383545447286451,0.4759533703327179,0.0886952991979627,0.3205715673310416,0.6139672994613647,0.09060320397288506,0.3918422705360821,0.6738649606704712,0.09197753059255147,0.010751692490592697,0.045602522790431976,0.012805090155951278,0.06796477947916303,0.4142976999282837,0.0941088333199833,0.08169385671083416,0.3235909342765808,0.0731657721712206,0.3114677021679069,0.8231284618377686,0.22879594989226337,0.11607563655291285,0.1860574632883072,0.045792171176591734,13,17,2122,0.0,0.16186479991301894,0.27763019991107285,11.921875,2.9521001124521717e-05,7.482250566681614e-06,False,25,25,reasoning-2048-0,reasoning,0.125,pyramid,False
0.10513175338772791,0.603537917137146,0.12613199925776167,0.3037093473332269,0.8693633675575256,0.22481281443762025,0.11372856722612466,0.6094783544540405,0.12702923301893343,0.07763180998153985,0.522478461265564,0.10730125273721906,0.06627561472955026,0.6081092357635498,0.11677213753342008,0.18601608958228358,0.8921824097633362,0.20621293640922148,0.08972365076520614,0.6553640365600586,0.1267633376356205,0.047763103136925826,0.5331757068634033,0.1002554988423334,0.35408890353781836,0.655697226524353,0.10294509320403325,0.4104332146900041,0.6781867742538452,0.09830782209388672,0.018804195323485016,0.0825444832444191,0.02409105543625493,0.09771899240357536,0.6505119800567627,0.13836884349848583,0.11855621499541615,0.4613693654537201,0.10875175522213142,0.3847432994682874,1.2722997665405273,0.2689583672553225,0.11649179591664247,0.18644067645072937,0.04577061156511881,14,25,2123,0.0,0.16086730011738837,0.27505569998174906,5.734375,0.0046713268384337425,0.01218502689152956,False,29405,29405,reasoning-2048-0,reasoning,0.125,pyramid,False
0.16081451175601355,0.6468580961227417,0.13783147680991875,0.4411029645374843,0.9839414954185486,0.24015422592823965,0.17556271329522133,0.652664840221405,0.13816661662762,0.10564679259966527,0.531623363494873,0.1092887576158154,0.09138646236221705,0.6630940437316895,0.12970977567322603,0.23431846140218632,0.8891805410385132,0.1994224552510566,0.12556403715695655,0.7129472494125366,0.14547101022204895,0.06270682219681996,0.5566480159759521,0.10612896534242879,0.3809975529355662,0.6293023824691772,0.1050523774116517,0.41178460153085844,0.6129855513572693,0.10243936923170825,0.04465335855015188,0.3106413185596466,0.062472466695511944,0.21142525332314627,1.3033638000488281,0.2656227230404259,0.1802454188333026,0.4653868079185486,0.12295211940702559,0.5183063923780408,1.1074211597442627,0.2712026856238654,0.11690756518925939,0.1868235319852829,0.04574907416326736,15,29405,2124,0.0,0.1655451999977231,0.2577676000073552,3.8125,0.03984268754720688,0.041271839290857315,False,7117,7117,reasoning-2048-0,reasoning,0.125,pyramid,False
0.11742672696709633,0.45245108008384705,0.09335925699790987,0.33702595106192995,0.6528239250183105,0.17849460485923407,0.13596939195745758,0.47001194953918457,0.09405353636904996,0.07651674301762666,0.3141447901725769,0.06758924748289448,0.07057372141363365,0.5078246593475342,0.09736794323975345,0.2150442024825939,0.8199455738067627,0.19575699700291374,0.10698694832223866,0.5951555371284485,0.11789621901666775,0.04349253021479983,0.3301628530025482,0.0633044782100994,0.37638161491070476,0.5833296179771423,0.08853045905438836,0.4382964276841709,0.7095484733581543,0.10185833145645067,0.021033251283889904,0.11772423982620239,0.02523347245971518,0.11506673693656921,1.122025728225708,0.20317289111895784,0.13526160097015755,0.39491355419158936,0.08592707716489098,0.40273816298161236,1.1513657569885254,0.21473125749424854,0.11732293598886047,0.18720601499080658,0.045727552248716656,16,7117,2125,0.0,0.1721697999164462,0.2500561000779271,2.625,0.04305580258369446,0.06674972176551819,False,220,220,reasoning-2048-0,reasoning,0.125,pyramid,False
0.11670609433869165,0.3863101005554199,0.0898136855794404,0.34408370724746157,0.9283826351165771,0.22039855203446299,0.1325009981436389,0.3863101303577423,0.09239672292347081,0.07574770809151232,0.3863101303577423,0.08283430297151916,0.05547001164606107,0.22534260153770447,0.056526686400496275,0.20121436353240693,0.6550790071487427,0.17528151696676275,0.08217813096208763,0.24277257919311523,0.06903153677455524,0.038210780027189424,0.22534261643886566,0.0491463193006178,0.35445033492786543,0.5494999885559082,0.08046566164443329,0.4150077562247004,0.7220605611801147,0.09406627647195656,0.029435423027150267,0.10674314200878143,0.03444351306300564,0.13021254965237208,0.6347477436065674,0.14469217274834392,0.15094061255721108,0.4055812954902649,0.11326444897483755,0.4230345341243914,0.9372330904006958,0.23962789247093627,0.11773793000195708,0.1875881552696228,0.045706055490472276,17,220,2126,0.0,0.16291079996153712,0.255757600069046,1.921875,0.0925620049238205,0.21241718530654907,False,16,16,reasoning-2048-0,reasoning,0.125,pyramid,False
0.1265783343198044,0.4452889859676361,0.09266541415728825,0.37826197913714815,0.8144137263298035,0.20669663725073553,0.14130570157431066,0.44792425632476807,0.09755095374592422,0.0720499028850879,0.3535158336162567,0.06764198246638753,0.06549630731543792,0.34433692693710327,0.07327371323649644,0.20123127468728594,0.6596986651420593,0.17425126013105807,0.10153916868979909,0.4221566319465637,0.09340055207027413,0.04294334581520941,0.26305198669433594,0.05472748852377021,0.36097959375807215,0.5177326202392578,0.08318751573041881,0.4203847912805421,0.6359054446220398,0.09130772877574966,0.03324835640627758,0.14162956178188324,0.03467499862444862,0.18776071071624756,0.6262733936309814,0.18373749691889527,0.15730604988389782,0.4476078748703003,0.10124607018535317,0.5163303020277193,0.9328556656837463,0.26030867686284526,0.118152524211577,0.18796992301940918,0.045684575733536785,18,16,2127,0.0,0.1826882001478225,0.2712026000954211,0.0625,0.13729892671108246,0.9567972421646118,False,17,17,reasoning-2048-0,reasoning,0.125,pyramid,False
0.14342255880390958,0.4451872706413269,0.0964277757358849,0.4056832641363144,0.9865190386772156,0.23978659818257106,0.16260538662650756,0.44699767231941223,0.09759054539317073,0.08952868500325296,0.44381535053253174,0.08549374380448205,0.08917298547125288,0.5525221824645996,0.10613381774641327,0.2364674797281623,0.7867409586906433,0.17923621124755146,0.13485538387405022,0.5704354643821716,0.1196617032285182,0.0616669132723473,0.5427407026290894,0.09928585966605524,0.3838919406490667,0.5336549282073975,0.09423457405575426,0.4214890631181853,0.5801537036895752,0.09053566159172648,0.032166076408300014,0.17297622561454773,0.03413586795545664,0.16864269546100072,1.244564414024353,0.2351727544572229,0.16822695199932372,0.3904152810573578,0.0938624364119655,0.48216318019798826,1.0465731620788574,0.23492609777420373,0.1185667324545128,0.1883513331413269,0.04566311853344347,19,17,2128,0.0,0.1604974998626858,0.2677738000638783,7.75,0.0017279088497161865,0.0010188494343310595,False,10993,10993,reasoning-2048-0,reasoning,0.125,pyramid,False
0.11265265143343381,0.46811747550964355,0.09417544647003859,0.3409206292458943,0.6270650029182434,0.18989292425984022,0.1275449606723019,0.4649941921234131,0.09375701989299079,0.07268473991592016,0.3344154357910156,0.0695738254826944,0.08072446153632232,0.47279858589172363,0.09662971741500309,0.2216002119572035,0.6278244256973267,0.18683187755456213,0.12304958351887763,0.51923668384552,0.11979220113054927,0.04689077073375562,0.3114263117313385,0.061061712737508676,0.3741946119282927,0.5885628461837769,0.09019834627401488,0.4308091923594475,0.6761753559112549,0.10096490969748247,0.030360701223669042,0.12677010893821716,0.03414943587936001,0.19189751999718802,1.1135663986206055,0.2787484573019708,0.14063074958643743,0.38012704253196716,0.09136293943949429,0.4709172621369362,1.07112455368042,0.2686808666714721,0.1189805536663958,0.18873240053653717,0.04564168261392116,20,10993,2129,0.0,0.1650415000040084,0.2565615999046713,3.265625,0.019390342757105827,0.0012328248703852296,False,624,624,reasoning-2048-0,reasoning,0.125,pyramid,False
0.07000997496236648,0.28658685088157654,0.0726400401551984,0.22184571410928453,0.6219860315322876,0.17602603458514188,0.0772518556165908,0.28658682107925415,0.07436077547589903,0.04998798458836973,0.28658682107925415,0.06202129885023211,0.052021172219870744,0.39769697189331055,0.08194872825821191,0.15589714419495845,0.7318628430366516,0.18286387012709499,0.07547278022892508,0.39769697189331055,0.09482320062084737,0.037258132163385325,0.39769697189331055,0.07531794153802804,0.3487076812556812,0.5668826103210449,0.08895722861592185,0.4261469064014299,0.6947587728500366,0.1024806739394029,0.014272965062575946,0.11644238233566284,0.0219738197763045,0.08231676689216069,0.48030900955200195,0.10395724500122396,0.09355594204472643,0.2916850745677948,0.07252814205892158,0.34572405580963406,0.9028075933456421,0.20917794374003737,0.11939397760267768,0.1891130954027176,0.045620261077474876,21,624,2130,0.0,0.16194180003367364,0.28239699988625944,11.359375,0.00012342615809757262,3.266211251684581e-06,False,8304,8304,reasoning-2048-0,reasoning,0.125,pyramid,False
0.04802309965348935,0.26679348945617676,0.05724232580786898,0.19276325617517745,0.6868786811828613,0.1854132342039531,0.05379197164438665,0.27622485160827637,0.06163562110951303,0.025631186602238034,0.09435431659221649,0.026217287749791658,0.04405300933389559,0.4250842332839966,0.0885752569452872,0.12550683206063695,0.7092097997665405,0.1815006330083839,0.06126429365083043,0.5138950347900391,0.10991786828736046,0.029045285852979368,0.3376513123512268,0.06661196068226698,0.31708767265081406,0.5198333263397217,0.08236844073474452,0.40508051589131355,0.7069649696350098,0.10189025277354238,0.007346469063512424,0.03360913321375847,0.00918640468768125,0.052814562405858724,0.21459698677062988,0.0670238243305348,0.061123075329565575,0.2063945233821869,0.053974550280588354,0.26339831362877575,0.6718696355819702,0.21125777587204836,0.11980701982975006,0.18949343264102936,0.04559886291118083,22,8304,2131,0.0,0.16641750000417233,0.2640579999424517,15.609375,8.530528816663718e-07,2.1899111857237585e-08,False,220,220,reasoning-2048-0,reasoning,0.125,pyramid,False
0.0399772770968931,0.2315388172864914,0.06020412113307655,0.1467491920505251,0.9720005393028259,0.225638205735121,0.0423056368100723,0.2462882399559021,0.06295549850196953,0.02068097802943417,0.122300885617733,0.03042977543650729,0.038475923935558445,0.39955052733421326,0.0819075304151444,0.1088608930086983,0.6492088437080383,0.16203680991005245,0.0534731099635662,0.42541009187698364,0.09456027625540456,0.025362694943656346,0.28519415855407715,0.058845547448598476,0.2796521261334419,0.5492679476737976,0.09242148130508723,0.3605818785727024,0.7234158515930176,0.10912566794217285,0.004575816498329134,0.0379975363612175,0.009092893133313735,0.02816808649471828,0.22126638889312744,0.057864322598701355,0.045084166124330034,0.17889729142189026,0.05032547879372845,0.1701898165379784,0.7352401614189148,0.18274099770396965,0.12021967436053924,0.18987341225147247,0.04557748588469267,23,220,2132,0.0,0.1705715002026409,0.26593039999715984,11.828125,1.5326959328376688e-05,6.393242983904202e-07,False,18,18,reasoning-2048-0,reasoning,0.125,pyramid,False
0.049234210746362805,0.2515386641025543,0.05583047037679421,0.1648756797824587,0.8326104879379272,0.19523746827998326,0.054580555513634214,0.27055442333221436,0.06009899184377921,0.03657124626416979,0.2034492790699005,0.0470590478471105,0.02565822406177176,0.20704321563243866,0.0500052521378248,0.0857600354024076,0.6605693101882935,0.15751656599161143,0.037603390686854254,0.341980516910553,0.0726349348341176,0.016660054526905048,0.14991000294685364,0.03590267879675663,0.29668933898210526,0.5118298530578613,0.09095925699495859,0.36149619998676435,0.583130955696106,0.1001537599351188,0.0070185648770088194,0.035158202052116394,0.009754319492492712,0.04591769618647439,0.25442612171173096,0.06601219350176972,0.07239267895264286,0.28019535541534424,0.062388786895860214,0.27142371849289965,1.0671449899673462,0.2365103935326093,0.1241706105481301,0.19620852172374725,0.04470076075526569,0,8304,2109,23.818763399962336,0.1655447999946773,0.27302230009809136,0.5312500596046448,0.08032506704330444,0.008385462686419487,False,220,220,reasoning-2048-0,reasoning,0.125,inv_pyramid,False
0.043875665279171826,0.37511754035949707,0.07780891398687675,0.13788686905588424,0.9994484186172485,0.22620384555876522,0.048544932422893386,0.40268272161483765,0.08524475148169201,0.03138373070396483,0.26539015769958496,0.057493925938565026,0.023503466636611847,0.2501859664916992,0.05604559195204043,0.07553689731451284,0.6055580377578735,0.14613817662814937,0.03435568070199224,0.3010050654411316,0.0742376792764184,0.014461103575740708,0.16218352317810059,0.03581136279064926,0.24955566892666475,0.5766445398330688,0.10109316861223747,0.30386089187647614,0.564358115196228,0.10290168762417609,0.005352920907431066,0.07732582837343216,0.014355494718307365,0.029582941106387546,0.3808923363685608,0.07206579748634273,0.05844741321301886,0.43270227313041687,0.07860195126531894,0.19684699257569654,1.2761560678482056,0.23406476854449873,0.12458550557494164,0.19658929109573364,0.04467958732700012,1,220,2110,0.0,0.1623954998794943,0.26318680006079376,9.359375,0.00012101470929337665,5.886505505259265e-09,False,16,16,reasoning-2048-0,reasoning,0.125,inv_pyramid,False
0.05496042516149048,0.2873017191886902,0.06730652926274841,0.17687596806458064,0.9455015063285828,0.21468437102853713,0.05953937333210239,0.30842694640159607,0.0699601897132102,0.04004876556323974,0.23005163669586182,0.05671789030226531,0.022361313111364974,0.17147183418273926,0.043187720075782796,0.08470761430050645,0.6656670570373535,0.16590379937140545,0.030525650754238347,0.20579636096954346,0.052177766113664634,0.015603104435285786,0.1542203426361084,0.035006308787235936,0.288592695657696,0.5450822114944458,0.0962972100931852,0.34674290301544325,0.5965324640274048,0.09903617772158349,0.008073696657707583,0.0654914528131485,0.013438240631530747,0.04817257608686175,0.4112018346786499,0.08021245133949592,0.0761356511419373,0.3421729505062103,0.06584382673990581,0.2859999399100031,1.3348884582519531,0.24931171456539641,0.1250000037252903,0.19696970283985138,0.04465843361331741,2,16,2111,0.0,0.16311129997484386,0.2528958001639694,5.421875,0.0027612277772277594,3.314156856504269e-05,False,25,25,reasoning-2048-0,reasoning,0.125,inv_pyramid,False
0.07907011526237641,0.2770349681377411,0.07662586181363201,0.22115240565368108,0.9849513173103333,0.21644548943176664,0.09439347188786737,0.32377687096595764,0.08560975356781084,0.05661802691507286,0.2656356692314148,0.062169719719401384,0.036964264569438195,0.20400063693523407,0.05463528791607259,0.1134128657868132,0.6738914847373962,0.15586892741977623,0.054238955419610387,0.29887136816978455,0.07598624447108118,0.02563137222023215,0.18222182989120483,0.04209060699335312,0.33318003213831354,0.6461043357849121,0.1176656893648154,0.3949956771518503,0.653152346611023,0.11229032488643759,0.01164454362255388,0.05678679794073105,0.01267704503568325,0.07784643769264221,0.468341588973999,0.11094998035365315,0.10171873574810368,0.27358385920524597,0.06038694642275896,0.3634358218738011,1.2362743616104126,0.24459171965614723,0.11189236505223173,0.18220539391040802,0.046008886440399244,3,25,2112,0.0,0.16324990009889007,0.2625284001696855,0.953125,0.14820700883865356,0.007579950615763664,False,56292,56292,reasoning-2048-0,reasoning,0.125,inv_pyramid,False
0.13957717841757195,0.325810045003891,0.07961028637423137,0.42877644513334545,0.9475792050361633,0.2063868868858923,0.15587412180112942,0.36024945974349976,0.0884016167796222,0.09149869261974734,0.28552448749542236,0.06603709296293028,0.07871949393302202,0.3355931043624878,0.09018001134753938,0.2128817718476057,0.7797770500183105,0.20250619304628187,0.11337253717439515,0.5121902823448181,0.12696149073882448,0.052205879939720035,0.26530683040618896,0.06324705845942948,0.37471417603748186,0.626324474811554,0.11076930446881983,0.403189556407077,0.6161725521087646,0.10628576501637649,0.041225206007116606,0.23043613135814667,0.04578584369912179,0.2599004932812282,1.3175450563430786,0.34132226093538,0.1874443856733186,0.36257708072662354,0.07284782603413803,0.6154678038188389,1.2574973106384277,0.27807338321349506,0.1123124754854611,0.1825922429561615,0.045987123229260324,4,56292,2113,0.0,0.16426119999960065,0.2829150001052767,3.109375,0.02917887642979622,0.013269239105284214,False,7117,7117,reasoning-2048-0,reasoning,0.125,inv_pyramid,False
0.14023234542193158,0.3579481542110443,0.08432941588760963,0.397489675453731,0.8664120435714722,0.19735372001332777,0.16203327782984292,0.36278751492500305,0.08443861498643558,0.09767394073839698,0.3445306718349457,0.07482312346704188,0.07288972637616098,0.2318882793188095,0.06764376058769561,0.21954566399965966,0.7999081015586853,0.17938533705694884,0.09974377610654171,0.306575745344162,0.0779982266523341,0.051440142976519256,0.23188826441764832,0.055430442431990225,0.39423852413892746,0.6557180881500244,0.10620654259648667,0.43002769138131824,0.6600279808044434,0.10154436516523836,0.04057196477827217,0.24927657842636108,0.05221571435481161,0.21631298533507756,1.122366189956665,0.2728880108273877,0.18428998906165361,0.3950602412223816,0.08724732208458218,0.558716739394835,1.208865761756897,0.2756962116705682,0.11273218731262855,0.18297873437404633,0.04596538230907401,5,7117,2114,0.0,0.16882960009388626,0.2826414001174271,7.203125,0.0017502798000350595,0.00022302278375718743,False,220,220,reasoning-2048-0,reasoning,0.125,inv_pyramid,False
0.11523137960050787,0.35919708013534546,0.07950628085605092,0.33795865518706186,0.9999213814735413,0.18423918949691492,0.13839127981503094,0.367661714553833,0.07918863296021737,0.07413351722061634,0.2109244465827942,0.05199080859546039,0.059587422908017676,0.2610692083835602,0.05930371128154711,0.18697319831699133,0.66120445728302,0.15949079484910472,0.09161232528276742,0.4722224771976471,0.09131792143383108,0.039777783751820346,0.18308696150779724,0.042489519008171994,0.35879205273730413,0.6669230461120605,0.0974813603169417,0.3999261749642236,0.6874799132347107,0.09987495957278124,0.027367760119627098,0.09571366757154465,0.022733328154580942,0.17383837061268942,1.1006882190704346,0.22177737783797602,0.15747258991801313,0.29446613788604736,0.058266008064376706,0.52750174967306,1.0382529497146606,0.2268688960322597,0.11315149507884469,0.1833648383617401,0.045943657007569194,6,220,2115,0.0,0.16769489995203912,0.27524550002999604,8.671875,0.0004677461984101683,1.5114091183932032e-05,False,16,16,reasoning-2048-0,reasoning,0.125,inv_pyramid,False
0.1087315649991589,0.29083606600761414,0.06911779284223363,0.32840910128184725,0.9552438259124756,0.20238698694132337,0.1309543496796063,0.2981113791465759,0.06676096348216512,0.07092366038289454,0.2118576467037201,0.05466600282999679,0.06006258499941656,0.25936317443847656,0.06132338575585288,0.18468857862587487,0.7705438733100891,0.17367908098642085,0.09178200660140387,0.3375317454338074,0.07929834034094929,0.04026206334986325,0.2188183069229126,0.046339948880048915,0.352830349866833,0.6140961050987244,0.09285789649973568,0.3958470949104854,0.633832573890686,0.10219704616514119,0.026016201624380692,0.15359407663345337,0.029229661084895442,0.15039352646895818,0.9699175357818604,0.1927810879147422,0.15392506614859616,0.39641302824020386,0.07391815087543299,0.4934471518333469,1.2044317722320557,0.24467179363496827,0.11357041820883751,0.18375059962272644,0.04592195660273727,7,16,2116,0.0,0.16377010010182858,0.2780650998465717,7.75,0.0006388157489709556,0.0010527193080633879,False,22,22,reasoning-2048-0,reasoning,0.125,inv_pyramid,False
0.11393390176817775,0.2749597430229187,0.06923117913801564,0.33026573061943054,0.8215737342834473,0.19464288750184305,0.14917231963149138,0.2833220958709717,0.06797920369945071,0.07609989999660424,0.22217155992984772,0.0563445144255307,0.07464371920962419,0.2951277196407318,0.07825211509099277,0.19713089515322021,0.7658309936523438,0.18983829380715306,0.1202243958001158,0.3898373246192932,0.10322748515408155,0.04802065567179982,0.2490120530128479,0.0540623883257432,0.370733417570591,0.5882760286331177,0.09431760326547174,0.417747794517449,0.6200833320617676,0.09631049273491736,0.023429544842136756,0.08317539095878601,0.02081489085570391,0.1388664607490812,0.4521925449371338,0.13562001197934279,0.15170743994946992,0.31459879875183105,0.07469830237137091,0.4875283097582204,0.9757089018821716,0.22446033751635083,0.11398893701178688,0.18413597345352173,0.045900273949961774,8,22,2117,0.0,0.1683107998687774,0.2715696000959724,6.0,0.0024887998588383198,8.526127930963412e-05,False,10993,10993,reasoning-2048-0,reasoning,0.125,inv_pyramid,False
0.12460103591105767,0.3207177519798279,0.0729761551144334,0.38427987481866566,0.8992301821708679,0.20065221102136718,0.15060525879796063,0.3465014696121216,0.07526768886396794,0.08543954250801887,0.2802163362503052,0.06250637237334263,0.08318649298910584,0.339932382106781,0.08602176987527421,0.22029138622539385,0.8310509920120239,0.2085696836885055,0.1263913057544934,0.38466688990592957,0.10535221907356798,0.05876959169316771,0.3399324119091034,0.07300306020172773,0.37842059454747606,0.6051281690597534,0.09401054552511567,0.4205975564462798,0.6652178764343262,0.09304575071323509,0.029885446436570158,0.10430102050304413,0.024687415996802596,0.19726855840001786,1.208004117012024,0.24744289114200196,0.1578515556507877,0.31176087260246277,0.06416897960582968,0.5266651835824762,1.0427093505859375,0.21518970652285788,0.11440706066787243,0.18452098965644836,0.0458786077510748,9,10993,2118,0.0,0.16271959990262985,0.2589819999411702,1.265625,0.06539802253246307,0.00821883138269186,False,624,624,reasoning-2048-0,reasoning,0.125,inv_pyramid,False
0.07843151989592505,0.4617276191711426,0.0929220286242526,0.25059359627110617,0.9997115135192871,0.23802710524202605,0.08949652879631945,0.48665523529052734,0.09705455549606026,0.05750733136665076,0.379976361989975,0.0779741444278299,0.04712919634351108,0.4221038818359375,0.08366074005824599,0.13818341932658637,0.8963488340377808,0.20997019710401063,0.07046103452116118,0.5750287771224976,0.11150795446350728,0.03265436937467062,0.3327115774154663,0.06484581744386833,0.3398651273122856,0.5510304570198059,0.09608358565126188,0.4076513594814709,0.6245994567871094,0.09752463958280554,0.019409175348430705,0.1501835435628891,0.03128558054124907,0.13087200266974314,0.7685568332672119,0.20711901169972294,0.1060210335667112,0.2859255373477936,0.07129212572957168,0.422229940071702,1.4129958152770996,0.3332378514360395,0.11482479875641209,0.18490566313266754,0.04585697155081738,10,624,2119,0.0,0.1694822998251766,0.2813120000064373,6.609375,0.0030494576785713434,0.00022547878324985504,False,8304,8304,reasoning-2048-0,reasoning,0.125,inv_pyramid,False
0.043314940470736474,0.27991509437561035,0.0609208951741774,0.15519516382898604,0.872397780418396,0.20752611747311966,0.050778269776076614,0.30387771129608154,0.0655372658206765,0.03431273035572043,0.25421732664108276,0.05755275684314887,0.035132583345330204,0.3099666237831116,0.07056978431874084,0.10806528369513606,0.740931510925293,0.1876278431354423,0.05177503952550718,0.4203159213066101,0.09301925254335533,0.02718410409943317,0.3000706434249878,0.06468066374489204,0.28757538220712114,0.5333693027496338,0.08574917521394486,0.361865514091083,0.5908613204956055,0.09445512665567399,0.007304117133531106,0.05607197806239128,0.014200033563486541,0.0567394665309361,0.5149979591369629,0.12412022325894974,0.06109448189714125,0.32107436656951904,0.0631388345799508,0.2562295169170414,1.3549325466156006,0.28614711405264137,0.11524213664233685,0.18528996407985687,0.045835351041188285,11,8304,2120,0.0,0.1675521000288427,0.2756164998281747,11.90625,1.0209391803073231e-05,2.6405049879940634e-07,False,220,220,reasoning-2048-0,reasoning,0.125,inv_pyramid,False
0.04451349311940638,0.42865753173828125,0.09311222231715928,0.15459312498569489,0.9999986886978149,0.2649150568344394,0.04681019598917503,0.453618586063385,0.09503799745203619,0.030984600132796913,0.3571963608264923,0.07354087620727791,0.03682110817862849,0.36514461040496826,0.09083175827783906,0.08625936531046006,0.6987383961677551,0.16356491811284063,0.05281002759927235,0.4493350088596344,0.11348432776186904,0.02770186714373527,0.3210015892982483,0.07717872056063166,0.2552921990198748,0.5803365707397461,0.09238939346969628,0.32277392010603634,0.5578792095184326,0.08873139094462404,0.008049955539807538,0.09796261787414551,0.020440294354473747,0.06422985238688332,0.6246742010116577,0.15397205082121831,0.05365576935998563,0.541622519493103,0.09788499235662405,0.23874957260808774,1.5051820278167725,0.3342149375946975,0.11565907818398305,0.18567389249801636,0.04581374949106835,12,220,2121,0.0,0.1683189000468701,0.2882022999692708,10.125,4.5703807700192556e-05,7.529447998422256e-07,False,17,17,reasoning-2048-0,reasoning,0.125,inv_pyramid,False
0.06212860275159723,0.29062092304229736,0.07232147171349657,0.22123343816825322,0.8756580948829651,0.223708861385177,0.06929699415507327,0.3270561099052429,0.0774913473508628,0.0443789623511423,0.24208129942417145,0.06008134122953089,0.04140872272130634,0.2813199758529663,0.07421775741990169,0.12203372619946354,0.731253981590271,0.1847641734207792,0.059979312762152404,0.37523871660232544,0.0986037145169423,0.027701116233531917,0.208437979221344,0.05514963602023203,0.3214911206492356,0.6068643927574158,0.08998271645938334,0.3946981078812054,0.6165512800216675,0.08570224959709481,0.009081826899059056,0.0650842934846878,0.01334970552127743,0.06922178396156856,0.5270591378211975,0.12368351302355192,0.07569007959682494,0.33161813020706177,0.06339508261023616,0.30704289571648197,1.4324225187301636,0.2847940172457593,0.11607563655291285,0.1860574632883072,0.04579217117659174,13,17,2122,0.0,0.16476060007698834,0.2743008998222649,11.484375,4.143662954447791e-05,6.842935363238212e-06,False,25,25,reasoning-2048-0,reasoning,0.125,inv_pyramid,False
0.08556011425597328,0.3246942460536957,0.08321368435633822,0.27752432227134705,0.9822887778282166,0.2435420799193329,0.09846896342267948,0.3385874032974243,0.08703127284557743,0.056811210549702604,0.2302056849002838,0.05726207476158907,0.059718299590583356,0.2970125377178192,0.07911296860710192,0.1727962658873626,0.7450296878814697,0.18514469969225306,0.08992939507256129,0.4566788673400879,0.10999349994456296,0.03709329346228125,0.2041231244802475,0.05277607577973701,0.35267116289053646,0.6553061008453369,0.10128808189818235,0.4168055387479918,0.6404545307159424,0.09240992361426548,0.010995062549097514,0.032051585614681244,0.009347035749664633,0.06694443311010088,0.28121984004974365,0.06295803339443956,0.09832559033696141,0.2641063928604126,0.06301557882922496,0.3603997165337205,1.2762261629104614,0.24100509404807824,0.11649179591664247,0.18644067645072937,0.04577061156511881,14,25,2123,0.0,0.16478950018063188,0.3096394999884069,5.828125,0.00619257427752018,0.0004457636969164014,False,29405,29405,reasoning-2048-0,reasoning,0.125,inv_pyramid,False
0.13643318238402052,0.3297128975391388,0.08705604648845508,0.4310287705489567,0.9788877964019775,0.23083736126756468,0.15084483215053165,0.3458048105239868,0.0886705361188327,0.08715262265676367,0.276882529258728,0.05957038166903681,0.08632546397192138,0.3386356830596924,0.09702379630530324,0.22993276401289872,0.8204183578491211,0.21767248777678022,0.1203147389460355,0.4195060729980469,0.120290128832335,0.059420060383022895,0.3291754722595215,0.07755321168698982,0.3806310860174043,0.6276758909225464,0.10607041968503124,0.42147644822086605,0.6481801867485046,0.10420763577246245,0.04088249295766998,0.3235698938369751,0.06137822635278318,0.23937327308314188,1.3606380224227905,0.3447029532204515,0.16891984947557961,0.42732375860214233,0.09013467251152787,0.5291128360799381,1.1341156959533691,0.2660440095648237,0.11690756518925939,0.1868235319852829,0.045749074163267366,15,29405,2124,0.0,0.17454619985073805,0.2826837000902742,3.453125,0.049364980310201645,0.056338947266340256,False,7117,7117,reasoning-2048-0,reasoning,0.125,inv_pyramid,False
0.11774560423301798,0.3530096709728241,0.07748149326492762,0.35638676796640667,0.8863229751586914,0.20365690612740503,0.13878456496500544,0.3589480221271515,0.0797307058079017,0.07817615565311696,0.3171464502811432,0.06486340678281256,0.07806655555032194,0.3762272596359253,0.089139896702263,0.21354122992072785,0.8129646182060242,0.19434506812436428,0.11504776446547892,0.4454542398452759,0.1097935186716956,0.05290360014519787,0.2986665368080139,0.06882078239042931,0.3847017117909023,0.6061090230941772,0.09551444166714415,0.4412576024021421,0.6476408243179321,0.09552489688043296,0.02218762050948239,0.12567299604415894,0.02596734913384114,0.12317236193588801,0.8073316216468811,0.17471653497208264,0.1422159313224256,0.374196857213974,0.071922275820187,0.4381147777395589,1.1248760223388672,0.22286565986768067,0.11732293598886047,0.18720601499080658,0.045727552248716656,16,7117,2125,0.0,0.1668272002134472,0.26769039989449084,2.921875,0.044910579919815063,0.022985024377703667,False,220,220,reasoning-2048-0,reasoning,0.125,inv_pyramid,False
0.09910882337551032,0.3730327785015106,0.07886267105138572,0.3000167544398989,0.9999246597290039,0.21221113640216718,0.12039683812430926,0.33674535155296326,0.0737248337948033,0.0627052625973842,0.19565801322460175,0.05068583161266561,0.06851824032076236,0.3551831841468811,0.08367372358928593,0.2023066548364503,0.730850338935852,0.19338021132952596,0.10396673623472452,0.5868816375732422,0.12036019145240527,0.044428693355127634,0.20162886381149292,0.05547941747117825,0.35719715378114153,0.5946395397186279,0.08582830109232177,0.41697353443929125,0.655031681060791,0.08494927704289539,0.014908434324232596,0.054837416857481,0.011862154175569345,0.08156901810850416,0.22787845134735107,0.05738885176501916,0.12011223658919334,0.2516745924949646,0.0559607880794188,0.3980985988995859,0.8915512561798096,0.17193298923672656,0.11773793000195708,0.1875881552696228,0.04570605549047228,17,220,2126,0.0,0.16795010003261268,0.28675099997781217,2.765625,0.04149880260229111,0.005314869340509176,False,16,16,reasoning-2048-0,reasoning,0.125,inv_pyramid,False
0.10518176334777049,0.2772226333618164,0.06556168836593028,0.3296101859637669,0.8929073810577393,0.20221547601790466,0.12836935637252672,0.28000885248184204,0.0667042127765111,0.06655598870877709,0.23764559626579285,0.05619933269460432,0.07758477105692561,0.33765721321105957,0.08885473324319684,0.2104321317082005,0.7747335433959961,0.2123872776162176,0.11481144402309187,0.4644681513309479,0.11471439849894746,0.052470894056438865,0.2784273028373718,0.06628686810699214,0.36377483872430666,0.5297725200653076,0.08624573430057984,0.41866800508328844,0.6259853839874268,0.08876674628230682,0.021425408735272607,0.07171636074781418,0.017980788616704702,0.13482343299048288,0.4533121585845947,0.11325584256062597,0.13550266809761524,0.27570927143096924,0.06299186083913054,0.4794094722185816,1.1728534698486328,0.23129311917827794,0.118152524211577,0.18796992301940918,0.04568457573353678,18,16,2127,0.0,0.16485900012776256,0.258097100071609,4.4375,0.02554728463292122,0.0100956866517663,False,17,17,reasoning-2048-0,reasoning,0.125,inv_pyramid,False
0.125977684078472,0.27935048937797546,0.07079439871463013,0.3874163712774004,0.9671659469604492,0.24485372714536904,0.14908010033624514,0.31389912962913513,0.07084198528137142,0.07813727030796665,0.2335795909166336,0.05787008862898745,0.09403626677314085,0.34982073307037354,0.09433326731445267,0.24035998354000704,0.7800320982933044,0.19941016016761481,0.1441935590202255,0.5429249405860901,0.1294966036297185,0.059082261353198974,0.2586597800254822,0.06500149526399364,0.38335585594177246,0.559593915939331,0.09413609623947526,0.4258520369018827,0.62906813621521,0.0916372350233169,0.029342333162536045,0.13301599025726318,0.029389480435316338,0.176663053887231,1.1829907894134521,0.25247793435824617,0.15836484331105435,0.2922764718532562,0.06796504278214767,0.49045310222676824,1.0473631620407104,0.24587629017317858,0.1185667324545128,0.1883513331413269,0.045663118533443466,19,17,2128,0.0,0.16192960017360747,0.26605489989742637,8.3125,0.0009983727941289544,0.0009627238614484668,False,10993,10993,reasoning-2048-0,reasoning,0.125,inv_pyramid,False
0.10856716274949056,0.3304102122783661,0.07656173707726552,0.34203122343335834,0.8784868717193604,0.19923477379047955,0.1247247672373695,0.3390084505081177,0.08157659721736521,0.07074744746621166,0.2723698019981384,0.05978610091029022,0.0911106169390093,0.5482050180435181,0.11884322232079067,0.22994485158207162,0.8265066146850586,0.22263577274069052,0.13081656798853405,0.7143666744232178,0.15296295651500172,0.05736007761775649,0.3326805531978607,0.07474257381432964,0.37704329192638397,0.591463029384613,0.09397957952603228,0.4333199943814959,0.6655535101890564,0.0968701244190455,0.025253019707244157,0.11252011358737946,0.028207775357493834,0.17400436954838888,1.0587875843048096,0.2564258989437956,0.13644403831235,0.32114100456237793,0.06906274831235537,0.47287908249667715,1.0735805034637451,0.2343465110251961,0.1189805536663958,0.18873240053653717,0.04564168261392116,20,10993,2129,0.0,0.16626229998655617,0.2708874000236392,3.28125,0.019519804045557976,0.0014080327237024903,False,624,624,reasoning-2048-0,reasoning,0.125,inv_pyramid,False
0.06910534840010639,0.4473845958709717,0.08865591492123809,0.21304879443986074,0.9953256249427795,0.2239562003520249,0.07865387943041112,0.45806559920310974,0.090243183555611,0.05297681448116366,0.3986145257949829,0.07998582366746734,0.05283909772073717,0.39570385217666626,0.08290490036202595,0.1545675955047565,0.9043852090835571,0.21718555495186692,0.08104504898489852,0.5924692153930664,0.11767547520533789,0.037768280295754915,0.33663806319236755,0.06898205813545098,0.350006284990481,0.5568836331367493,0.09036166881669044,0.42555971975837437,0.6264025568962097,0.09462353067565389,0.015308902647770342,0.07659964263439178,0.020862986072407337,0.12134360841342381,0.6419970393180847,0.18572890912542744,0.09101836722610253,0.26663121581077576,0.06550165657830966,0.39158628561667036,1.3778635263442993,0.3456973395330923,0.11939397760267768,0.1891130954027176,0.045620261077474876,21,624,2130,0.0,0.16934710019268095,0.2763768001459539,11.140625,0.00011924422142328694,2.3534871615993325e-06,False,8304,8304,reasoning-2048-0,reasoning,0.125,inv_pyramid,False
0.043421676681776135,0.2684449255466461,0.058996550621995054,0.163135432771274,0.8678731918334961,0.2068783117144976,0.05068520020826587,0.29170969128608704,0.06448492434766481,0.034697980187567215,0.24193188548088074,0.055338998186166756,0.04299310108763166,0.45681557059288025,0.09328161880276985,0.11799799920325833,0.8277679681777954,0.19709484490265558,0.059584674351624144,0.5277411341667175,0.10944947830295497,0.03339608537083093,0.43411457538604736,0.08575547309607187,0.3181150672691209,0.5301341414451599,0.08471554014758305,0.40237593171851976,0.6018323302268982,0.09418757349333172,0.006042126152481485,0.05365490913391113,0.01043354812345706,0.04592709030423846,0.45811712741851807,0.08815140757224674,0.058126632240600884,0.3043549060821533,0.06022838978618268,0.247098091756925,1.3446087837219238,0.26624107997259944,0.11980701982975006,0.18949343264102936,0.04559886291118083,22,8304,2131,0.0,0.17379110003821552,0.27960340003483,15.859375,1.0665690979294595e-06,4.242825824007923e-08,False,220,220,reasoning-2048-0,reasoning,0.125,inv_pyramid,False
0.04309184639714658,0.3901937007904053,0.08375722335274326,0.14511344262531825,0.9999850988388062,0.2386596406111967,0.04717732233361208,0.4212675392627716,0.09223826723721937,0.029095293956093622,0.3052131235599518,0.06313193235475378,0.03861593580014804,0.3509763181209564,0.08801685371074715,0.09920396599253374,0.7473938465118408,0.17819371630283123,0.059441077232934604,0.5724367499351501,0.12774826417714968,0.02300576595787009,0.22207032144069672,0.054223374452663106,0.2782506836312158,0.5730323791503906,0.0954189406363583,0.35129960998892784,0.6071039438247681,0.09810617524536946,0.005797014053834053,0.08265671133995056,0.01580532098703987,0.036678501537867954,0.4295053482055664,0.08552531990221272,0.05059468510860045,0.4691559672355652,0.08590236743594397,0.20483179766285634,1.4835437536239624,0.2849252449162948,0.12021967436053924,0.18987341225147247,0.045577485884692674,23,220,2132,0.0,0.16694770008325577,0.2960023998748511,11.6875,1.5155018445511814e-05,6.500160907307873e-07,False,18,18,reasoning-2048-0,reasoning,0.125,inv_pyramid,False
0.06407130522919553,0.24804072082042694,0.05468896797471421,0.22666245698928833,0.8337067365646362,0.20780213446595794,0.07020936247759632,0.2669614553451538,0.05835556303824715,0.05096295535830515,0.20046356320381165,0.046863262378249705,0.03815724594148508,0.2048368901014328,0.05639747444992556,0.11880677532670754,0.660599410533905,0.15681255435382907,0.04971048776289016,0.2963949739933014,0.07525526169284832,0.028251922806833005,0.14856944978237152,0.0416156500310549,0.297112018934318,0.5128806829452515,0.09093756988444562,0.396198640444449,0.6936053037643433,0.112849143678182,0.01143433362657171,0.05413162335753441,0.013292069851155722,0.08059576153755188,0.436229407787323,0.09818930645443642,0.09618651873565146,0.27462995052337646,0.06187615330736776,0.37051637497331413,1.0483962297439575,0.23477389129652562,0.059715636074543,0.059715636074543,0.0,0,8304,2109,24.182320999912918,0.1657314000185579,0.2662921999581158,0.8125,0.07664171606302261,0.03240305930376053,False,220,220,reasoning-2048-0,reasoning,0.0625,uniform,False
0.054122325515241494,0.36803990602493286,0.07370980957244462,0.17393972192491805,0.8516758680343628,0.20466034411098277,0.059294692340439985,0.3956177830696106,0.08136751461543178,0.040297098441182504,0.25944435596466064,0.053367239534609985,0.03008802261060087,0.24455824494361877,0.05554659804008525,0.10471887705248914,0.6133131980895996,0.1497635399347532,0.041050252180346955,0.2951204478740692,0.07268303887099903,0.021772824119709964,0.15800267457962036,0.038337550531360086,0.2499350370573146,0.5727014541625977,0.10058224685456524,0.3325598974313055,0.6386987566947937,0.11380511084810876,0.011719591857919502,0.08967234939336777,0.02212391005379367,0.06759398111275264,0.38332247734069824,0.11800251307244514,0.08321845604638968,0.4214439392089844,0.08076861704896872,0.2957012525626591,1.2528001070022583,0.27004159243955056,0.06016106158494949,0.06016106158494949,0.0,1,220,2110,0.0,0.16816020011901855,0.2727862000465393,9.765625,7.998225919436663e-05,3.0897415399522288e-06,False,16,16,reasoning-2048-0,reasoning,0.0625,uniform,False
0.07158705680298486,0.2833758294582367,0.06986140708765949,0.22927601422582353,0.945497453212738,0.21300527165726985,0.07710935072308141,0.30460625886917114,0.07365115898311578,0.056140495164852054,0.22310441732406616,0.05672051011846355,0.030853253427527046,0.20525424182415009,0.04858426677203519,0.10431575339420565,0.6625460982322693,0.1534542172065979,0.040541929251048714,0.23403549194335938,0.05893143785142931,0.024041962857674144,0.16577309370040894,0.039009633276339904,0.2888005051229681,0.547264039516449,0.09649894087952289,0.3760404033320291,0.680861234664917,0.1084306315574636,0.013039187894069723,0.06304246187210083,0.01647094354878055,0.07849143871239253,0.3953837752342224,0.09592850898463008,0.1028322306062494,0.3364783525466919,0.06716740365018724,0.3806881739624909,1.3208855390548706,0.24689825408184154,0.06060606241226196,0.06060606241226196,0.0,2,16,2111,0.0,0.16616340004839003,0.25105280010029674,5.484375,0.002570316893979907,7.317312702070922e-05,False,25,25,reasoning-2048-0,reasoning,0.0625,uniform,False
0.14146055400903737,0.4358876645565033,0.10895983540370434,0.3834185813154493,0.9591770768165588,0.2525807067718443,0.1548193074496729,0.44035276770591736,0.11280273518324407,0.10786697833931871,0.32731303572654724,0.08029583324654696,0.06943810064279075,0.3907690942287445,0.07952017967287606,0.1980011315151517,0.6757933497428894,0.1822450148049823,0.09985526328507278,0.42806172370910645,0.10101840374016341,0.051915066150416224,0.2938603162765503,0.05911339071402803,0.33780279968466076,0.6486623883247375,0.11814217976970787,0.4184461310505867,0.6975197792053223,0.12242561014340694,0.03463078834049936,0.0846477597951889,0.022408656119826748,0.19473636150360107,0.47400015592575073,0.1290719801299195,0.19206837245396205,0.4142538905143738,0.09117261943297603,0.6157360521278211,1.1487523317337036,0.2346297800976895,0.045906294137239456,0.045906294137239456,0.0,3,25,2112,0.0,0.17008710000663996,0.29218290001153946,0.6406249403953552,0.13553673028945923,0.053838618099689484,False,56292,56292,reasoning-2048-0,reasoning,0.0625,uniform,False
0.2485150976904801,0.5685119032859802,0.12736149157512427,0.61790660236563,0.9925249814987183,0.1979836218277462,0.2680856292801244,0.5768426656723022,0.1313770131747158,0.17853255915854657,0.4482088088989258,0.10201575141120242,0.1442790163813957,0.5976599454879761,0.134105487651184,0.34574256145528387,0.8121806383132935,0.23089159325456254,0.201552624282028,0.6571973562240601,0.1640685870457166,0.11046037197645221,0.4755326807498932,0.10782364854739031,0.39278138003179003,0.6622127294540405,0.11731085580073036,0.40917386061378885,0.6710168719291687,0.11240470138646695,0.10062755112137113,0.5257882475852966,0.09427229763006378,0.42590571301324026,1.3614416122436523,0.32373264872508495,0.33327705413103104,0.6362446546554565,0.11665607800792738,0.8262886181473732,1.1977893114089966,0.18036193435525322,0.046357616782188416,0.046357616782188416,0.0,4,56292,2113,0.0,0.1673651000019163,0.2675276999361813,3.875,0.03091719001531601,0.02457788959145546,False,7117,7117,reasoning-2048-0,reasoning,0.0625,uniform,False
0.24029365368187428,0.5276200175285339,0.107718830455847,0.5949217251368931,0.9585681557655334,0.17336499604718342,0.27374160449419704,0.5413925647735596,0.11246415720080079,0.17017030316804135,0.4056129455566406,0.08723102258783362,0.14213869368125284,0.48961585760116577,0.11247191969967928,0.3810225267495428,0.7877537608146667,0.21433992287773526,0.2010018206866724,0.5762346982955933,0.13884290145403066,0.09723828340481434,0.33721333742141724,0.0808681000718612,0.4050137773156166,0.6434059143066406,0.1038621434098285,0.43959154188632965,0.6937896013259888,0.10188459497627086,0.0929912601464561,0.5333805084228516,0.09771693024957213,0.4259764126368931,1.3009669780731201,0.3473765936817964,0.30677231560860363,0.626894474029541,0.11182096058606562,0.8306228114025933,1.6537902355194092,0.2884849730036626,0.04680851101875305,0.04680851101875305,0.0,5,7117,2114,0.0,0.16750709991902113,0.2819360999856144,5.296875,0.00458830501884222,0.004864803049713373,False,220,220,reasoning-2048-0,reasoning,0.0625,uniform,False
0.22374669622097695,0.5677213668823242,0.11605178049953634,0.55972307068961,0.9999050498008728,0.1982110473770771,0.25024016707071234,0.5858731269836426,0.12084770401969307,0.1670491278969816,0.4937604069709778,0.1062103414085381,0.12140792142599821,0.4152143895626068,0.08815971287760536,0.3448134929473911,0.7275494337081909,0.19932881714007955,0.1750508403139455,0.5018416047096252,0.11415339087339314,0.08922470567215766,0.3388125002384186,0.07129860383485921,0.3831187342958791,0.6820348501205444,0.10190056334885444,0.41774235878671917,0.7418643832206726,0.10532933029268644,0.08906058597910617,0.27516213059425354,0.06138967598946553,0.4235252376113619,1.2000131607055664,0.31467416037302487,0.30709169432520866,0.5231212973594666,0.10725657021769051,0.8335750262652125,1.3158621788024902,0.25197124120050585,0.047258976846933365,0.047258976846933365,0.0,6,220,2115,0.0,0.16735949995927513,0.29072459996677935,5.078125,0.005514081101864576,0.006886868271976709,False,16,16,reasoning-2048-0,reasoning,0.0625,uniform,False
0.24107385972248657,0.5678381323814392,0.10917673765609316,0.6076805655445371,0.9497323036193848,0.19275477652889547,0.27012654074600767,0.5904111862182617,0.11897913872532435,0.1721813472520028,0.4486933946609497,0.08244688781131844,0.14214093524164387,0.4974890947341919,0.10810021383371352,0.37060777230986525,0.7677038908004761,0.21929504525694885,0.20443110607032264,0.6214025616645813,0.13386810631163618,0.10124634332688791,0.4152437448501587,0.08502829853269772,0.3947217358010156,0.6322528719902039,0.1017704116806745,0.4237467965909413,0.6602947115898132,0.10700584886666219,0.10579947072879545,0.4881853759288788,0.09095593619855251,0.4651912088905062,1.2008002996444702,0.3237799320582821,0.3331119380891323,0.6435728073120117,0.11262311545247339,0.8684279141681535,1.4057611227035522,0.24579560771411282,0.04770902171730995,0.04770902171730995,0.0,7,16,2116,0.0,0.17002100008539855,0.28620089986361563,5.984375,0.005295948591083288,3.090050220489502,False,22,22,reasoning-2048-0,reasoning,0.0625,uniform,False
0.2258477293487106,0.5705273151397705,0.1074980587444118,0.557387290256364,0.9971321225166321,0.21295451482182995,0.265986051942621,0.5796263217926025,0.10654507944187631,0.1445087847699012,0.34949567914009094,0.06789553639919746,0.1448323602255966,0.48929399251937866,0.11116602964326965,0.336947356483766,0.7623410224914551,0.18880287109426008,0.21851208539945738,0.5832950472831726,0.1453229814329486,0.09649575062628303,0.35648155212402344,0.07941070481195188,0.39107774943113327,0.6116005778312683,0.09625631050669815,0.44226329773664474,0.6631626486778259,0.10132030109445238,0.07087000412866473,0.42871901392936707,0.0791044539372806,0.33337919626917156,1.3015458583831787,0.3041322104677103,0.262528069583433,0.4915766716003418,0.09411498166537932,0.7099594612206731,1.361088514328003,0.2696615198336614,0.048158638179302216,0.048158638179302216,0.0,8,22,2117,0.0,0.16667860001325607,0.27415110007859766,7.328125,0.0022957532200962305,0.0015572871780022979,False,10993,10993,reasoning-2048-0,reasoning,0.0625,uniform,False
0.23877914462770736,0.46925806999206543,0.11346709365877845,0.6075464763811657,0.9955694675445557,0.19429992627653261,0.26180185484034674,0.4987201690673828,0.11660032209849014,0.1645732537976333,0.3266400396823883,0.06551134542941923,0.16226822064657295,0.4795306921005249,0.1237149100080853,0.37030062531786306,0.8287824392318726,0.21589906825064764,0.22955905007464544,0.5861588716506958,0.16058665597224225,0.1124329503093447,0.3604532778263092,0.08948200920682288,0.39717793464660645,0.6183180212974548,0.1004105162862627,0.42969141261918203,0.6918656826019287,0.10467225460408054,0.1003427215452705,0.5863969922065735,0.10851260750059916,0.44592333265713285,1.4205338954925537,0.3760280682122271,0.29678803043706076,0.6154436469078064,0.11219241059145606,0.804726915700095,1.5643192529678345,0.25607457385402704,0.04860783368349075,0.04860783368349075,0.0,9,10993,2118,0.0,0.1863329999614507,0.2744114000815898,1.375,0.06382492929697037,0.023639144375920296,False,624,624,reasoning-2048-0,reasoning,0.0625,uniform,False
0.12351080113356668,0.39706337451934814,0.10426017991325072,0.34491732929434094,0.8706670999526978,0.23288717291930905,0.1324618546558278,0.432803750038147,0.10991863383279095,0.09698331309482455,0.29549604654312134,0.07979320348340523,0.0825350527718131,0.404626727104187,0.09604020860639323,0.24230469836454308,0.8118641972541809,0.22986674729086795,0.10717292901660715,0.44830381870269775,0.1182562538983054,0.06464690201184047,0.32976531982421875,0.07364637308551394,0.35131611462150303,0.5836160778999329,0.10094140519606697,0.449643508132015,0.6167289614677429,0.10363588345807677,0.034474929611730785,0.2290094941854477,0.0437021669509358,0.16530042673860276,0.6230424642562866,0.16110392230053908,0.16915732635451214,0.47406935691833496,0.10398776317284694,0.5340989639184305,1.3026471138000488,0.2731474866702957,0.049056604504585266,0.049056604504585266,0.0,10,624,2119,0.0,0.16149550001136959,0.28993289987556636,7.046875,0.0023906196001917124,0.0004317215643823147,False,8304,8304,reasoning-2048-0,reasoning,0.0625,uniform,False
0.06475470186809876,0.2679251432418823,0.06716007608014904,0.2217656054667064,0.8706371784210205,0.22870952083993532,0.0696801101190171,0.29229792952537537,0.07066794049825637,0.044138326475928934,0.24235616624355316,0.05262315494494471,0.05567268513498545,0.34653711318969727,0.08684610157402195,0.16868735291895323,0.689239501953125,0.2127155640231765,0.07820687939446154,0.391490638256073,0.11471230058190295,0.04179202776036358,0.28244003653526306,0.0667051558569886,0.2867380939424038,0.545167088508606,0.08593017331073412,0.39917808026075363,0.7031742930412292,0.10894980816217803,0.016159428650488344,0.09326206147670746,0.025192040144180954,0.10630637833050319,0.6229697465896606,0.1730999206434701,0.0945353380936597,0.30364251136779785,0.07982074163013422,0.35658229920747025,1.2833715677261353,0.3116172263403313,0.049504950642585754,0.049504950642585754,0.0,11,8304,2120,0.0,0.16618490009568632,0.2578815999440849,11.53125,1.404341765010031e-05,2.715032394462469e-07,False,220,220,reasoning-2048-0,reasoning,0.0625,uniform,False
0.06506901780708826,0.41319891810417175,0.0972841801331984,0.2188491118805749,0.9986171722412109,0.3014064454814602,0.0629650892182586,0.43874919414520264,0.09225822871415947,0.03683952853316441,0.3421984016895294,0.06672480373756405,0.049354825452090675,0.3531590402126312,0.08806733395673083,0.13097500768656442,0.6048804521560669,0.17237623190875723,0.06881500763899696,0.43885549902915955,0.11422355963309329,0.036644993595733207,0.2742161452770233,0.06701807575126272,0.26015876659325193,0.5699470043182373,0.09091014984315085,0.3705763082419123,0.679168701171875,0.09809960996442957,0.017184761214463964,0.20036570727825165,0.04240609537482913,0.09810495589460645,0.978602945804596,0.2185686175767208,0.08154321045315426,0.5192550420761108,0.11265120298396586,0.29943834436458666,1.4615178108215332,0.3403828255838024,0.04995287209749222,0.04995287209749222,0.0,12,220,2121,0.0,0.1690380999352783,0.2684901999309659,9.75,6.18679987383075e-05,8.326685929205269e-06,False,17,17,reasoning-2048-0,reasoning,0.0625,uniform,False
0.08920730795112572,0.3498624265193939,0.08978833326351607,0.2898129884685789,0.8624412417411804,0.2393610105192222,0.09486413750398372,0.3601616621017456,0.09122056067983898,0.06394319941422769,0.25580987334251404,0.06655224729775627,0.06652532043933336,0.45576560497283936,0.09934670380164011,0.18030438212943928,0.7706045508384705,0.20820805485021512,0.09668637467049328,0.5471951961517334,0.13273556766581296,0.05157698634346681,0.36743131279945374,0.07840770272657827,0.32141613587737083,0.6011607050895691,0.0881778661494037,0.4326905225004469,0.6635546088218689,0.08996807942341685,0.016339685956804066,0.07873468101024628,0.018899147423159266,0.0987030565738678,0.4870452880859375,0.13457007478948474,0.11162028278756354,0.32174283266067505,0.08127476033726179,0.3944463240914047,1.411275863647461,0.29116535440843644,0.050400376319885254,0.050400376319885254,0.0,13,17,2122,0.0,0.17186939995735884,0.2730624000541866,11.546875,4.412836642586626e-05,3.5190198559575947e-06,False,25,25,reasoning-2048-0,reasoning,0.0625,uniform,False
0.14029654474662884,0.49629026651382446,0.11664040061951482,0.42074230526174816,0.980938196182251,0.27108060680294643,0.15049158515674727,0.5124817490577698,0.12335698465873134,0.10419285606725939,0.4416334629058838,0.09360528830861538,0.10428889471638415,0.49241453409194946,0.10755975565308956,0.285172381504838,0.7900823354721069,0.22911140874917596,0.15071199139180994,0.5429180860519409,0.1387605533290386,0.07960416488016822,0.4292455315589905,0.0895923411288477,0.35297527217439245,0.6476845145225525,0.09819097119289538,0.44246468267270495,0.6630276441574097,0.09158590578967418,0.02956406944265057,0.1030384749174118,0.025711563932477345,0.1604006290435791,0.610343337059021,0.1409243634289218,0.16448450926691294,0.4360700845718384,0.10219299264388025,0.5411401869995254,1.2168949842453003,0.2581983371135868,0.050847459584474564,0.050847459584474564,0.0,14,25,2123,0.0,0.16507539991289377,0.27755900006741285,1.578125,0.04685147479176521,0.11718146502971649,False,29405,29405,reasoning-2048-0,reasoning,0.0625,uniform,False
0.20076380071363278,0.444661021232605,0.11595936286234758,0.5493739268609455,0.9750637412071228,0.239355998549928,0.2093464720861188,0.44513368606567383,0.11553089624736165,0.1485278557852975,0.3720189332962036,0.08393173738937289,0.15461768013691263,0.5564586520195007,0.1417039492055469,0.3568693157285452,0.7968990206718445,0.24913877753209704,0.20370529937957013,0.581961989402771,0.1649539812236362,0.11777288613042661,0.4865785241127014,0.11749590877926477,0.38174853580338614,0.6007407903671265,0.106543086657459,0.4301715184535299,0.6445047855377197,0.10545362952708064,0.06905182746205744,0.39253687858581543,0.0759555236918472,0.35051229170390535,1.3568010330200195,0.3459872288123173,0.24351114433790957,0.5014989376068115,0.1196917938176103,0.6769576631486416,1.1302032470703125,0.2676888916783711,0.05129411816596985,0.05129411816596985,0.0,15,29405,2124,0.0,0.16627200017683208,0.26557080005295575,4.5625,0.013381352648139,0.012287830002605915,False,7117,7117,reasoning-2048-0,reasoning,0.0625,uniform,False
0.1957957268293415,0.44451403617858887,0.10117353246546222,0.5373504885605404,0.9079746603965759,0.19626913558327666,0.2167579470468419,0.46212661266326904,0.1069094120611166,0.14002273178526334,0.3731900453567505,0.08314627591769466,0.14034053151096618,0.44654378294944763,0.11583073620017587,0.35606095447604147,0.8052961826324463,0.22874319780353433,0.20458721781947783,0.5240781307220459,0.1503596047016071,0.09682371562147248,0.344890296459198,0.08492972029914073,0.39074340728776796,0.6166023015975952,0.0983283262386732,0.4642737177865846,0.7071257829666138,0.10251786448073368,0.044746271051865606,0.14904063940048218,0.03359394567246953,0.19834730241979873,0.8906114101409912,0.17852922238123733,0.22156096542520182,0.3810499608516693,0.08585822111076113,0.5936978470001902,1.2025541067123413,0.21859861706719605,0.05174035578966141,0.05174035578966141,0.0,16,7117,2125,0.0,0.16163420001976192,0.2744367001578212,5.9375,0.005048787221312523,0.0027055740356445312,False,220,220,reasoning-2048-0,reasoning,0.0625,uniform,False
0.21151211551789725,0.5031660795211792,0.12604959399748097,0.5609781444072723,0.9973471760749817,0.24351010214648008,0.23148990981280804,0.5228891372680664,0.13761720186878404,0.14703223468469723,0.4393177628517151,0.10918658234054957,0.13166636897117964,0.438018798828125,0.1143218665929117,0.32913975550660063,0.8008766174316406,0.2211974046096207,0.1894864153915218,0.5128594040870667,0.15200134551762787,0.08922928525134921,0.2919391989707947,0.0794082607856246,0.36703058278986384,0.5869627594947815,0.09452178993395634,0.43374485416071756,0.7220158576965332,0.09370800883004651,0.06598734286879855,0.15849247574806213,0.050159089012473734,0.2852534694331033,0.8089337348937988,0.2020783398000612,0.2546940509762083,0.5135669112205505,0.12365788329176276,0.6870562572564397,1.064787745475769,0.22923467032262082,0.05218617990612984,0.05218617990612984,0.0,17,220,2126,0.0,0.16645390004850924,0.25759000005200505,4.40625,0.016725432127714157,0.006560219451785088,False,16,16,reasoning-2048-0,reasoning,0.0625,uniform,False
0.2128425126097032,0.4939519762992859,0.11604686056739083,0.5579425500971931,0.8798240423202515,0.23139222365369086,0.23444078995713166,0.5171050429344177,0.12966255469251806,0.14410981110164098,0.4348747730255127,0.09495546943731739,0.14444414971928513,0.4181191921234131,0.11582974499774203,0.3406536740117839,0.7692139744758606,0.22723222817285452,0.2019084129881646,0.5273784399032593,0.14332757302765864,0.09808430963728045,0.29561975598335266,0.08101688131102135,0.37540957810623304,0.5448387861251831,0.08962478064919809,0.438914635351726,0.6227874755859375,0.08927120459334326,0.06815813368718539,0.2058863490819931,0.04670902578235666,0.33600454458168577,0.7555107474327087,0.19385193939853734,0.2600027471780777,0.5056624412536621,0.11315173588826678,0.7564443637217794,1.148477554321289,0.24384438631555208,0.05263157933950424,0.05263157933950424,0.0,18,16,2127,0.0,0.16685090004466474,0.2745729999151081,0.765625,0.09446583688259125,1.074150800704956,True,17,19,reasoning-2048-0,reasoning,0.0625,uniform,False
0.19032929039427213,0.40010541677474976,0.09849979129075295,0.4834635215146201,0.9869017004966736,0.2242947367420132,0.20859619921871594,0.4522061347961426,0.10203641340751445,0.13092268770560622,0.28380244970321655,0.06902069499591527,0.16085662726046784,0.4848051965236664,0.12996147615938483,0.3562338940267052,0.7833592295646667,0.22907408525458245,0.2318674416414329,0.6301547884941101,0.16466304189667624,0.1092597234861127,0.345569372177124,0.09115280858282995,0.38345220738223623,0.5602335929870605,0.09560482500325329,0.4373687601515225,0.625067949295044,0.09703526843349283,0.05801944218442908,0.4123786389827728,0.07723715677540352,0.2602984883955547,1.3598976135253906,0.2851244354266706,0.2290331189121519,0.5185146331787109,0.1084104655648089,0.6134305819869041,1.0835371017456055,0.23383239582787824,0.05307656154036522,0.05307656154036522,0.0,19,17,2128,0.0,0.16951669985428452,0.2794564999639988,10.890625,0.00012703376705758274,0.000505133590195328,False,10993,10993,reasoning-2048-0,reasoning,0.0625,uniform,False
0.1615985623959984,0.3582399785518646,0.0934012292759116,0.4605341596262796,0.8777587413787842,0.21073155414335093,0.1729116371965834,0.38453665375709534,0.09704662616467662,0.11358893822346415,0.26202428340911865,0.057991452093300436,0.16149974497966468,0.47279179096221924,0.13867235924941448,0.35613157799733536,0.822800874710083,0.24947624350983788,0.2186672417446971,0.5927651524543762,0.1759673666656857,0.11161737040882665,0.3310196101665497,0.09604175095380374,0.3773446189505713,0.5830187201499939,0.09433702247386369,0.45361091090100153,0.7038976550102234,0.10662028957532194,0.04642769582902214,0.1472664624452591,0.03769313430996803,0.25741287214415415,1.0628139972686768,0.2572876032571113,0.20201778385256017,0.39365407824516296,0.09119605567946257,0.6208767571619579,1.0910394191741943,0.22395696514234412,0.05352112650871277,0.05352112650871277,0.0,20,10993,2129,0.0,0.17531259986571968,0.279203400015831,5.09375,0.004991060122847557,0.0009952812688425183,False,624,624,reasoning-2048-0,reasoning,0.0625,uniform,False
0.10018094436132483,0.41965872049331665,0.09048001436007841,0.30411156373364584,0.9949946999549866,0.2307391362476761,0.10738722148484417,0.42384475469589233,0.09237629738209349,0.08128745986946992,0.32685768604278564,0.07406850195619294,0.08965794050267764,0.32624414563179016,0.09516315713361724,0.25374861986243297,0.8236040472984314,0.23704673690009184,0.12658598789546108,0.5064371824264526,0.13117092898659058,0.07242578095091241,0.2727229595184326,0.0810697940167685,0.35360079790864674,0.5560699105262756,0.0916916433644317,0.4650320474590574,0.665634036064148,0.10428927112127316,0.026985438946992093,0.13520418107509613,0.029851327712534362,0.17266594724995749,0.5851942896842957,0.17949738954758016,0.13657969176503165,0.33661168813705444,0.08084810352612927,0.5170208495110273,1.324716567993164,0.3149662784489595,0.05396527424454689,0.05396527424454689,0.0,21,624,2130,0.0,0.1594235000666231,0.28622690006159246,11.125,9.826806490309536e-05,3.4256672734045424e-06,False,8304,8304,reasoning-2048-0,reasoning,0.0625,uniform,False
0.06179271555239601,0.25869783759117126,0.05911896288115152,0.24155795999935695,0.8673542141914368,0.21097753851598028,0.06786806602030993,0.2823956608772278,0.06522614011741898,0.04603336852908667,0.23248374462127686,0.05097965130211634,0.06666840019793849,0.3395420014858246,0.09561177382765221,0.19121931478314633,0.7138693332672119,0.21699697187460143,0.09159149003556065,0.4582582414150238,0.12394202479151503,0.050415754120747024,0.2744264602661133,0.07199642227935918,0.3162340505846909,0.5349259376525879,0.08515930709787563,0.44260140721287045,0.7170529365539551,0.10989396214453101,0.01148415683668905,0.04688052088022232,0.012479533489063104,0.08454560382025582,0.4006885290145874,0.09606471290245332,0.08621792295681578,0.2902342975139618,0.06434244386902178,0.3676733668627484,1.2946417331695557,0.27699764240068203,0.054409004747867584,0.054409004747867584,0.0,22,8304,2131,0.0,0.1657982999458909,0.33082400006242096,16.234375,8.220216045629058e-07,4.707910505885593e-08,False,220,220,reasoning-2048-0,reasoning,0.0625,uniform,False
0.053437312628375366,0.37594470381736755,0.08064527254559262,0.17123817758900778,0.9989263415336609,0.2414811943197782,0.05730232925686453,0.40770140290260315,0.0876406714436659,0.0362158151609557,0.2926996946334839,0.06089064150558792,0.052960747262529494,0.3232835531234741,0.08429956384940512,0.15137298775204858,0.6388765573501587,0.1833978648309146,0.07606660088224869,0.468861848115921,0.11862151258404159,0.03998044112813659,0.24687090516090393,0.0647036377258267,0.2758295546684946,0.5628489851951599,0.09357106227880836,0.3890224775033338,0.7304308414459229,0.11161626678312148,0.008227420818002429,0.0727662444114685,0.016023743254695737,0.05353909943784986,0.40325748920440674,0.09723471765581507,0.0670429076500503,0.45088595151901245,0.08557172080638915,0.25805076703961405,1.4389530420303345,0.2922131639283941,0.05485231801867485,0.05485231801867485,0.0,23,220,2132,0.0,0.16164520010352135,0.2640969001222402,12.578125,8.847870958561543e-06,2.3004140814464336e-07,False,18,18,reasoning-2048-0,reasoning,0.0625,uniform,False
0.10309177726906325,0.5227833986282349,0.11750603604945807,0.2954550470624651,0.9114160537719727,0.27682299442243125,0.10763818215179656,0.5227833390235901,0.11735083651561874,0.09375565299498183,0.5227833390235901,0.11734784220040054,0.05238568235654384,0.401384174823761,0.09092294070697568,0.158919173825,0.7868294715881348,0.22138203749207458,0.06026058898299068,0.401384174823761,0.09646406553755238,0.04801888626077146,0.401384174823761,0.08963670215145407,0.29781490777220043,0.5016382932662964,0.08542261252121904,0.3987554742821625,0.7580009698867798,0.12199398332089605,0.04299024831457895,0.2854260802268982,0.07488551569490674,0.1701366092477526,0.6661800742149353,0.22169545938246726,0.15449063812515565,0.6480486989021301,0.15338778927008512,0.4523338060826063,0.9457361102104187,0.30479748907637383,0.061882190738937685,0.10521326214075089,0.022826060322187255,0,8304,2109,23.842898700153455,0.16781109990552068,0.26564009999856353,1.015625,0.05832396820187569,0.12745189666748047,False,220,220,reasoning-2048-0,reasoning,0.0625,pyramid,False
0.07411259703803807,0.35011181235313416,0.09055319353440462,0.2075474432536534,0.8194773197174072,0.2227374522120803,0.07772898700620447,0.35011187195777893,0.09445684920024773,0.06235916489302846,0.35011187195777893,0.08036697713307525,0.03861161049072897,0.29704007506370544,0.07262883921548668,0.12949832214508206,0.6768454313278198,0.19439048867615855,0.0464478859929451,0.29704004526138306,0.07974417235424143,0.033728428142369794,0.29704004526138306,0.06876766774492944,0.25041633578283445,0.5665590167045593,0.09826879072650443,0.3328659859086786,0.6688021421432495,0.12049471852898674,0.021055263871468406,0.15130272507667542,0.03495689332193426,0.10196677701813835,0.6135857701301575,0.1552060556053644,0.11006693226019186,0.34399330615997314,0.10519332181604722,0.3397265381312796,1.0865403413772583,0.29459335618055776,0.06232658999838999,0.10563714057207108,0.022815248362662112,1,220,2110,0.0,0.163375600008294,0.26565620000474155,9.609375,9.17141223908402e-05,2.0150325781287393e-06,False,16,16,reasoning-2048-0,reasoning,0.0625,pyramid,False
0.08235666220675089,0.3720049560070038,0.08762518383087342,0.23549787061555044,0.9030435085296631,0.21911205272377626,0.0858672249596566,0.3720049262046814,0.08818880481232214,0.06977106414602272,0.3720049262046814,0.08055385221351309,0.03645614493871108,0.33826273679733276,0.06788892503740168,0.1120255233087976,0.7078368663787842,0.16993196183583456,0.043580653703039776,0.33826273679733276,0.07100869919300792,0.031967225771430616,0.33826273679733276,0.06647689998216989,0.2897851456488882,0.5451186299324036,0.09621259215903825,0.37781859934329987,0.7256386280059814,0.11225606882966221,0.018890440208321837,0.08234623819589615,0.023521305812685352,0.10694975299494607,0.415674090385437,0.12469849398022004,0.11789549388257521,0.32401043176651,0.08635266752837131,0.4080817848443985,1.152604579925537,0.2595501456475016,0.06277056464127131,0.10606060922145844,0.022804446032120538,2,16,2111,0.0,0.1642566998489201,0.27601370005868375,5.625,0.0023395961616188288,0.00014342283247970045,False,25,25,reasoning-2048-0,reasoning,0.0625,pyramid,False
0.21303165274938302,0.868606448173523,0.23296276492029444,0.4447706512042454,0.9723995923995972,0.33462371893494375,0.22179881566470222,0.8686063885688782,0.22974601249752788,0.18909105434015924,0.8686063885688782,0.23306671637969428,0.12322772537092012,0.906141459941864,0.19841716572690077,0.27064696247024195,0.981316328048706,0.29737799737087606,0.1413929016063256,0.906141459941864,0.19688467563989367,0.11459927078768876,0.906141459941864,0.20046830757789116,0.35196601280144285,0.6813613176345825,0.13059056911290293,0.3916658131139619,0.6239368915557861,0.12740686221254474,0.0908140359263468,0.3971371054649353,0.12885700806440686,0.307532753263201,1.2155622243881226,0.341526504595831,0.27043006888457705,1.0095466375350952,0.25129441732111985,0.6442787950592381,1.4517040252685547,0.36282803741778924,0.04915151013327496,0.09133932739496231,0.023376574306020408,3,25,2112,0.0,0.16412649978883564,0.27477490017190576,0.953125,0.17044037580490112,7.041009426116943,True,56292,4504,reasoning-2048-0,reasoning,0.0625,pyramid,False
0.281593839371843,0.8308252692222595,0.2014621570023681,0.6712650039366314,0.9864713549613953,0.24732903282281435,0.2952889698956694,0.8308252096176147,0.20205613897395688,0.22042880227257097,0.8308252096176147,0.20739238659216358,0.18818219215609133,0.9450323581695557,0.22032292748970364,0.3984966135716864,0.990012526512146,0.2823724264965459,0.2263953183511538,0.9450323581695557,0.21940402481950097,0.16417564549815974,0.9450323581695557,0.22399971371303534,0.37929083832672666,0.543388307094574,0.10420047327223246,0.3839473325226988,0.5841178894042969,0.1190538126244745,0.15253213144439673,0.5565085411071777,0.16501141640939287,0.5177498757839203,1.32491135597229,0.384601070646205,0.360776404983231,0.9000484943389893,0.21486400800383515,0.8479936772159168,1.3308634757995605,0.23625232338652477,0.049601298357759206,0.09176915884017944,0.023365517248112727,4,56292,2113,0.0,0.1628448001574725,0.30171689996495843,0.046875,0.20162099599838257,1.6502095460891724,True,7117,10788,reasoning-2048-0,reasoning,0.0625,pyramid,False
0.2813267612031528,0.8134610652923584,0.18786898953799513,0.6305903898818153,0.9431899189949036,0.20443319803015544,0.31145094787435873,0.8134610652923584,0.18535076312194532,0.21274459082633257,0.8134610652923584,0.19853876349112012,0.1915996199739831,0.9384568929672241,0.21521195063113668,0.4357256793550083,0.9950685501098633,0.27848166202006075,0.23382303105401142,0.9384568929672241,0.20967642047123286,0.1587217928442572,0.9384568929672241,0.222814627398449,0.3994281643203327,0.6401932239532471,0.10078603858775888,0.4120592677167484,0.6493384838104248,0.10890584108219342,0.115775040517162,0.5412793159484863,0.11680713223358434,0.4656114493097578,1.3166598081588745,0.3594573428545837,0.3387357270611184,0.7805408239364624,0.1828182092311204,0.8332218144621167,1.6248329877853394,0.317281027365185,0.05005065917170474,0.09219858050346375,0.02335446996386861,5,7117,2114,0.0,0.16485880012623966,0.2591474000364542,7.625,0.002141435630619526,0.002027833368629217,False,220,220,reasoning-2048-0,reasoning,0.0625,pyramid,False
0.2381214209433113,0.8093664050102234,0.176522701775726,0.5674923892532077,0.9503840208053589,0.24928285291020222,0.26703166535922457,0.8093664050102234,0.18237814739919628,0.17994673323950597,0.8093664050102234,0.17753623737594357,0.1709724837315402,0.9195111989974976,0.2014258651750072,0.39833029519234386,0.9941931962966919,0.2904779687825877,0.21219171237732684,0.9195111989974976,0.19434404750487733,0.14670782027366971,0.9195111989974976,0.20808839731981063,0.36241490021348,0.6466341614723206,0.09796787569793175,0.37869654489415033,0.5820639133453369,0.11258975491628705,0.11283842893317342,0.38506758213043213,0.09845630199931403,0.4844772517681122,1.0941885709762573,0.3592168732556078,0.3121687173843384,0.7217035293579102,0.17210163020367603,0.814039192029408,1.3122422695159912,0.3068470459639069,0.05049959257511156,0.09262759238481522,0.02334343159135866,6,220,2115,0.0,0.18031199998222291,0.2618654000107199,7.59375,0.0008812798769213259,0.0004550308221951127,False,16,16,reasoning-2048-0,reasoning,0.0625,pyramid,False
0.24504973140678235,0.7940685153007507,0.1732020017635949,0.6008644572326115,0.9803411960601807,0.2749431305656421,0.2747057084925473,0.794068455696106,0.1768476049481991,0.18678608649809444,0.794068455696106,0.17131343482772216,0.184920584716435,0.9431225657463074,0.21437689215760242,0.407527038029262,0.9982587099075317,0.29321571024160437,0.2273304317412632,0.9431226253509521,0.2093315193720446,0.15681135404988059,0.9431226253509521,0.2202873983263016,0.3568902537226677,0.5358766317367554,0.09052458718893819,0.38864024728536606,0.6049144864082336,0.11340979530156323,0.129119400151207,0.49984344840049744,0.1330023454189838,0.4602796286344528,1.3035380840301514,0.35908162114021097,0.325205513675298,0.8282734751701355,0.19008396549405318,0.7983646621661526,1.501886010169983,0.29015276978244164,0.05094810821382063,0.09305620938539505,0.023332407169791458,7,16,2116,0.0,0.16691439994610846,0.26129309996031225,3.21875,0.017711486667394638,0.046955663710832596,False,22,22,reasoning-2048-0,reasoning,0.0625,pyramid,False
0.2667911724586572,0.8194726705551147,0.19664293695683363,0.609512699501855,0.9954761266708374,0.2853579076972945,0.3042437637756978,0.8194725513458252,0.18824023638878795,0.20154519731711065,0.8194725513458252,0.20752281450074264,0.18930401380306908,0.9499585032463074,0.21386510931628264,0.39763093846184866,0.9948754906654358,0.2871027360997581,0.24539325033713663,0.9499585032463074,0.20897485663077192,0.15450279667441333,0.9499585032463074,0.22069770657753127,0.37643441770757946,0.5154823660850525,0.08559051107210049,0.42354046393718037,0.6416358947753906,0.10177010462849466,0.12581018263673677,0.5606071949005127,0.15478765684284393,0.4186580010822841,1.3088295459747314,0.3606980491331796,0.32052255674664465,0.8907159566879272,0.20525856710320609,0.7637782187334129,1.410995602607727,0.30936146103728923,0.051396194113684554,0.09348441660404205,0.023321388966428932,8,22,2117,0.0,0.16559970006346703,0.2664971000049263,1.25,0.15121614933013916,1.9142565727233887,True,10993,40676,reasoning-2048-0,reasoning,0.0625,pyramid,False
0.2692986777318375,0.7319667339324951,0.16977545944634392,0.6125882672412055,0.9968621134757996,0.22774606941889616,0.2904186552124364,0.7319669127464294,0.16619893047535927,0.19234667638582842,0.7319669127464294,0.1704432656335829,0.20096331402393325,0.9312821626663208,0.2084840492644675,0.4337073125477348,0.9999146461486816,0.2919766870748961,0.24931720574386418,0.9312821626663208,0.206927597225324,0.1627360954548099,0.9312821626663208,0.21064087655699684,0.39175662079027723,0.5929560661315918,0.09577565505342796,0.41527400059359415,0.6537253856658936,0.10231639533652503,0.10833049410887595,0.5408236980438232,0.10662144726655821,0.4482909845454352,1.4312312602996826,0.34200470935538213,0.3134052271821669,0.6182284355163574,0.1610773734171857,0.7960889711976051,1.3663078546524048,0.29205703559096186,0.051843861384051185,0.09391222149133682,0.02331038336878369,9,10993,2118,0.0,0.16584539995528758,0.273915900150314,2.125,0.04278765618801117,0.09961013495922089,False,624,624,reasoning-2048-0,reasoning,0.0625,pyramid,False
0.17488056481150643,0.7917656898498535,0.19558045686834372,0.4248752785580499,0.9776461720466614,0.3160087070657479,0.1822394416667521,0.7917656898498535,0.19365874805545802,0.15086069886040473,0.7917656898498535,0.19752838361128833,0.13804563808454468,0.9411605596542358,0.2142824476271942,0.30760168224307044,0.9878588914871216,0.316044010335713,0.15763931292375283,0.9411605000495911,0.21158174702755228,0.12490049839418914,0.9411605000495911,0.2164233329138338,0.34157001067485127,0.5578780174255371,0.08892226706126628,0.42722082510590553,0.6115325689315796,0.11187235621256207,0.07917978186742403,0.5087196230888367,0.1252048767627199,0.261688979608672,0.933290958404541,0.3021928508640946,0.22392872647781456,0.828083872795105,0.21341658920210985,0.5715589643056903,1.3255031108856201,0.32485082934281667,0.052291105900491984,0.09433962404727936,0.02329938879459959,10,624,2119,0.0,0.1662420998327434,0.27698299987241626,2.453125,0.08234976977109909,0.2019338309764862,False,8304,8304,reasoning-2048-0,reasoning,0.0625,pyramid,False
0.10965804970224521,0.6807023882865906,0.14861672720937558,0.2796752154827118,0.7989996075630188,0.24836745140391697,0.11638718224795801,0.6807023882865906,0.14856623224275728,0.0996209953113326,0.6807023882865906,0.1494943193684638,0.10866822464907143,0.8863016963005066,0.20992545581438413,0.2418719214952684,0.9822091460227966,0.33025344787182603,0.12481444105755404,0.8863016963005066,0.2113848347380418,0.10255237985984422,0.8863016963005066,0.2105022049373804,0.292317906660693,0.5219342708587646,0.08426427893284204,0.37971233470099314,0.6019124388694763,0.10674215049861553,0.0366131110970725,0.1825989931821823,0.05643102176974055,0.16208726380552566,0.6962395310401917,0.2116685650864887,0.14498015177170082,0.5697481632232666,0.15584699512978695,0.43830071828727213,1.0001068115234375,0.31731320099433835,0.05273792746343783,0.09476661682128906,0.02328840380630161,11,8304,2120,0.0,0.16686390014365315,0.29043429996818304,12.453125,8.959078513726126e-06,1.1764444707296207e-06,False,220,220,reasoning-2048-0,reasoning,0.0625,pyramid,False
0.11709249610014792,0.7003461122512817,0.16377711612250026,0.3183330787079675,0.9894278049468994,0.3388899291273807,0.11558929300268314,0.700346052646637,0.16411060807598427,0.0957757137616032,0.700346052646637,0.16003631021955103,0.10493293956304635,0.8838523626327515,0.20439581501146437,0.22231942525000445,0.9827163219451904,0.31782443889774026,0.12105306023814981,0.8838523626327515,0.2080280576432505,0.09847870499236576,0.8838523626327515,0.2039987638706422,0.26377008748906,0.5638507604598999,0.09143323665210816,0.35239288743053165,0.5852839350700378,0.09514173397084227,0.032456799870357954,0.18461355566978455,0.05444302341140624,0.14455004036426544,0.7680755853652954,0.22205857141633917,0.1281271165769015,0.4663981795310974,0.15180367968771655,0.376000721805862,1.1393662691116333,0.3439003813909086,0.053184325607227426,0.09519320726394653,0.023277427778990837,12,220,2121,0.0,0.1638732000719756,0.26266230014152825,11.1875,2.0600728021236137e-05,5.730738394049695e-06,False,17,17,reasoning-2048-0,reasoning,0.0625,pyramid,False
0.1202529767761007,0.6658961176872253,0.15031486258874863,0.32422581953661783,0.8159138560295105,0.25426554909094373,0.12829172594605812,0.6658961176872253,0.15101592511074624,0.10727994192192065,0.6658961176872253,0.15178657974429657,0.12404921646728846,0.9103875160217285,0.21696124156493357,0.27367941283487845,0.9916472434997559,0.3259355110958517,0.14284688141196966,0.9103875160217285,0.21574117492680886,0.1159822819089251,0.9103875160217285,0.21848666332647496,0.3249294614153249,0.6072606444358826,0.0926717734895855,0.41474094667604994,0.6011277437210083,0.0874260500976585,0.028780917463986304,0.14281675219535828,0.038926740946418924,0.1482584582907813,0.6524906158447266,0.1853112484006341,0.13949969291154826,0.4634782671928406,0.12819070037954386,0.4568391801523311,1.1480872631072998,0.3267878817489849,0.05363030831462571,0.09561941027641296,0.02326646555178512,13,17,2122,0.0,0.16281390003859997,0.2707044000271708,11.515625,3.62488062819466e-05,8.467037332593463e-06,False,25,25,reasoning-2048-0,reasoning,0.0625,pyramid,False
0.18055692248578584,0.8143596053123474,0.19736374563993533,0.4584040067025593,0.9603062272071838,0.3027080564812471,0.18992405770612614,0.8143596053123474,0.19723295582631611,0.15902868360613606,0.8143596053123474,0.20007169346365053,0.1559249353179309,0.9288050532341003,0.21535986033008256,0.3511359667006348,0.9930312037467957,0.30905564251987855,0.18547821257795608,0.9288049936294556,0.21304380133051784,0.14172691593246003,0.9288049936294556,0.21847359901101526,0.3524594796555383,0.5813199281692505,0.09454036326612719,0.42598247102328707,0.6046442985534668,0.09598760156569294,0.059413818511529826,0.351237952709198,0.0961450232105575,0.21287142166069575,0.957783043384552,0.26365501714376954,0.20052675783102,0.7206336259841919,0.18929118953488885,0.5402944819735629,1.409188985824585,0.3072675152611297,0.0540758686672364,0.09604519605636597,0.023255510500141487,14,25,2123,0.0,0.16702029993757606,0.2626234998460859,4.15625,0.1266801804304123,4.34316873550415,True,29405,56292,reasoning-2048-0,reasoning,0.0625,pyramid,False
0.23838378861546516,0.6646811366081238,0.16006744877038312,0.5960013291665486,0.9745960235595703,0.23364510145872616,0.24279303010553122,0.664681077003479,0.15987038065041717,0.191452484245279,0.664681077003479,0.15149060385055588,0.18508412868582777,0.8570923805236816,0.18353971046509793,0.44114840775728226,0.9710341691970825,0.27857324709737546,0.221294411391552,0.8570924401283264,0.1872366612359679,0.15229629858263902,0.8570924401283264,0.18468413907941325,0.3974488079547882,0.6380932331085205,0.11287947075313157,0.42666027907814297,0.6253740191459656,0.10963864741085708,0.08985638096263367,0.41299009323120117,0.08429128474960568,0.40640916994639803,1.361781358718872,0.35841480751969346,0.2780998091080359,0.5329868793487549,0.15044761040151367,0.7178232228117329,1.1172752380371094,0.26634179311115724,0.05452100846118161,0.09647058695554733,0.023244565908626547,15,29405,2124,0.0,0.16656820010393858,0.29524179990403354,3.921875,0.04980172961950302,0.06766926497220993,False,7117,7117,reasoning-2048-0,reasoning,0.0625,pyramid,False
0.22426754648664168,0.6561496257781982,0.14973577476225683,0.5512816309928894,0.8680098056793213,0.2216781290186576,0.24066416626530035,0.656149685382843,0.1480932652107449,0.18102756062788622,0.656149685382843,0.15359995593597123,0.182083288706573,0.8477119207382202,0.18349726207917735,0.4299434412802969,0.9742931723594666,0.28054356980198,0.23547561546521528,0.8477119207382202,0.18677250857462552,0.14953318677310432,0.8477119207382202,0.18618060844857703,0.39938206651381086,0.6434644460678101,0.10401165926815421,0.4596005082130432,0.7156565189361572,0.1051033512696837,0.05394824481170092,0.15960612893104553,0.04640301315303539,0.243698850274086,0.9449049830436707,0.22246650795822123,0.23585245013237,0.4858912229537964,0.12118963593855682,0.6443191266485623,1.37575364112854,0.2641976290763865,0.05496572829516871,0.09689557552337646,0.02323363281463398,16,7117,2125,0.0,0.16935850004665554,0.28190850000828505,3.953125,0.024884063750505447,0.012022915296256542,False,220,220,reasoning-2048-0,reasoning,0.0625,pyramid,False
0.21432325689654266,0.6084604263305664,0.14946622553286437,0.5029636685337339,0.9971155524253845,0.26574180564868166,0.22759576720584715,0.6084604859352112,0.15207275052099334,0.16698854905553162,0.6084604859352112,0.14407082591628792,0.15384814021776297,0.6703183054924011,0.14712007387456005,0.40066233303930077,0.972160279750824,0.2804863722961005,0.2009716186273311,0.6703182458877563,0.16477649828774668,0.12170074228197336,0.6703182458877563,0.13923575026325508,0.37619901448488235,0.6461119651794434,0.10066825125842309,0.42719758089099613,0.7439521551132202,0.09692521480524796,0.0626866569800768,0.20928213000297546,0.05765469031858611,0.23166947066783905,0.5977412462234497,0.17977625646242143,0.2505467420976077,0.5692152976989746,0.1548546727703665,0.6010076137525695,0.957361102104187,0.24588335572644496,0.055410035619778295,0.09732016921043396,0.023222710787198966,17,220,2126,0.0,0.172089499887079,0.2671310000587255,2.21875,0.11182555556297302,0.15746688842773438,False,16,16,reasoning-2048-0,reasoning,0.0625,pyramid,False
0.22208647968779718,0.5644513368606567,0.14066268542087415,0.5334532324756894,0.8531882762908936,0.25902153413895884,0.23434657250930155,0.5644513368606567,0.1429948335124787,0.17178670410066843,0.5644513368606567,0.13127954340921774,0.18121834066031234,0.7566479444503784,0.16659742564761296,0.4178632065387709,0.9636183977127075,0.2875703593285139,0.22754020160729332,0.7566479444503784,0.1726470232809175,0.1427649155292394,0.7566479444503784,0.16354761274446003,0.38613847589918543,0.5663886666297913,0.09703420069226043,0.43637848432574955,0.638375997543335,0.09313478007304249,0.06883862110719617,0.15933921933174133,0.049773373675152416,0.32604909581797464,0.8781226873397827,0.23698129509757054,0.2606638168383922,0.5401711463928223,0.14259327862507717,0.703753048820155,1.2782634496688843,0.295603078791652,0.05585392019046204,0.09774436056613922,0.023211796766472278,18,16,2127,0.0,0.16162679996341467,0.2798101999796927,1.0625,0.16932298243045807,1.4564120769500732,True,17,15,reasoning-2048-0,reasoning,0.0625,pyramid,False
0.21622735494747758,0.5114796161651611,0.12379283354137761,0.5228603439671653,0.9842055439949036,0.22884789536546205,0.2326675352773496,0.5114796757698059,0.12285786321245375,0.16407629471671367,0.5114796757698059,0.11790592482709038,0.19874622659491642,0.8510259389877319,0.19236290837315215,0.42453284707984756,0.9623836874961853,0.27866361255797634,0.2538753599593682,0.8510259985923767,0.19847071699969124,0.16175025889450417,0.8510259985923767,0.19089157179832403,0.3943927713802883,0.5763058662414551,0.10082415077465245,0.43644839631659643,0.6094383597373962,0.10250776780876923,0.06608991148615521,0.4245464503765106,0.0791891832441615,0.28861311290945324,1.3664517402648926,0.2817454016097161,0.24738482385873795,0.5411393642425537,0.12164486574590755,0.6455853235508714,1.0976006984710693,0.24358213708140541,0.05629739012303097,0.09816815704107285,0.02320089410782178,19,17,2128,0.0,0.164648599922657,0.2676374998409301,7.390625,0.0031344061717391014,0.0015085953054949641,False,10993,10993,reasoning-2048-0,reasoning,0.0625,pyramid,False
0.1882816283032298,0.5872363448143005,0.1296217062988605,0.4842216968536377,0.795268177986145,0.20412746140705448,0.1990563679220421,0.5872363448143005,0.1289016956124299,0.15158458705991507,0.5872363448143005,0.12956449722493152,0.19027239230594464,0.8097288608551025,0.17997009876470055,0.43069869226643015,0.9917351007461548,0.28897199773377563,0.23912223781059896,0.8097288608551025,0.19279268468023777,0.15349778125528246,0.8097288608551025,0.17546826449711078,0.38693809349622044,0.6210126280784607,0.09881703402936462,0.45183817190783365,0.691699743270874,0.1074802233794208,0.05911244379655857,0.17419195175170898,0.048833111493409624,0.30434747678892954,1.0903960466384888,0.2779572220589561,0.2256647241967065,0.4700659513473511,0.12180358803687102,0.6721187723534447,1.1930453777313232,0.2668266926741937,0.05674044322222471,0.09859155118465424,0.023190001650721218,20,10993,2129,0.0,0.16339240013621747,0.2661476999055594,4.640625,0.0073775933124125,0.0009012020891532302,False,624,624,reasoning-2048-0,reasoning,0.0625,pyramid,False
0.13916745888335363,0.6260823011398315,0.1450260632876014,0.34294100957257406,0.7614037394523621,0.2230098065844608,0.14630830700376204,0.6260822415351868,0.1442136400501104,0.12126556005594986,0.6260822415351868,0.14431066773650073,0.1415600150274778,0.8622149229049683,0.19671573622561112,0.32596154218273504,0.9775881171226501,0.30605254664039233,0.17184239669170762,0.862214982509613,0.20033881291910277,0.1250770231459423,0.862214982509613,0.19759207892791342,0.3541987586234297,0.5537710189819336,0.09022226830186295,0.4481474512389728,0.6210038661956787,0.10789865307899749,0.0349952228643815,0.17517535388469696,0.042585710731434225,0.17179111497742788,0.7759891748428345,0.1778230746694889,0.167298742569983,0.5218753814697266,0.12284107923662667,0.5093231336878878,1.0006014108657837,0.25901616480507733,0.057183078822812865,0.09901454299688339,0.023179119056555435,21,624,2130,0.0,0.1661773999221623,0.2689334999304265,10.8125,0.00017056312935892493,4.717160845757462e-05,False,8304,8304,reasoning-2048-0,reasoning,0.0625,pyramid,False
0.10927561489266477,0.6341038942337036,0.14094851983159412,0.292301065155438,0.7884055376052856,0.23866272502443636,0.11672179237939417,0.6341039538383484,0.14032609455104236,0.10217529065474602,0.6341039538383484,0.14151792491624876,0.11459992169069924,0.8542159795761108,0.20519798490077254,0.25742335261643995,0.9763512015342712,0.3170945150676211,0.129906687467675,0.8542158603668213,0.20718288127244075,0.10672339721142114,0.8542158603668213,0.20532694706259905,0.3212456570139953,0.5184074640274048,0.08347524606679568,0.43001640907355715,0.6848489046096802,0.11092886898920969,0.02561074786145972,0.13716527819633484,0.03795765428752942,0.12237871757575444,0.5559095144271851,0.14445516610750248,0.13064893704306865,0.4619089365005493,0.13040115596293975,0.41166142374277115,0.9979402422904968,0.27680332278092,0.05762530065008572,0.09943714737892151,0.023168247445832603,22,8304,2131,0.0,0.16630530008114874,0.2822461000178009,15.999999046325684,1.2012120578219765e-06,2.888974961479107e-07,False,220,220,reasoning-2048-0,reasoning,0.0625,pyramid,False
0.0923732017898666,0.59573894739151,0.1304904093847653,0.25539942724364145,0.9988951086997986,0.27317834681766845,0.09617141228435296,0.59573894739151,0.13403053597099548,0.08013762611829277,0.59573894739151,0.1277903200128613,0.0993369998801167,0.8297075629234314,0.18910882495509526,0.2257193877428238,0.9247320890426636,0.2905436299949843,0.11842685503818627,0.8297075629234314,0.1943235726749594,0.09245988245571166,0.8297075629234314,0.18891924311562888,0.28146625629493166,0.5565218925476074,0.09260201976314358,0.37982321211269926,0.6673398017883301,0.10955239901290208,0.01718208242268052,0.09706336259841919,0.027557503641404062,0.0835841063942228,0.5392407178878784,0.1278798241840802,0.10228657971934549,0.3902553915977478,0.11456973578077669,0.320624214064862,1.1057770252227783,0.27499991326893697,0.05806710697444422,0.09985934942960739,0.0231573854209959,23,220,2132,0.0,0.17201149999164045,0.25374560011550784,11.59375,1.942859853443224e-05,5.031979526393116e-07,False,18,18,reasoning-2048-0,reasoning,0.0625,pyramid,False
0.08272524011720504,0.41780275106430054,0.08757428853353678,0.24533018682684218,0.8758102655410767,0.22161494867670842,0.0856019774717944,0.41780275106430054,0.0872075597395761,0.0733928800494011,0.41780275106430054,0.08995150904157852,0.056928001436712554,0.41221898794174194,0.10028687463296428,0.15336663137921797,0.9898468255996704,0.21796280968302617,0.06402267766160159,0.41221898794174194,0.10224649556943934,0.049742312912193096,0.41221898794174194,0.09998177509536556,0.2978667749890259,0.5175761580467224,0.08965955875459297,0.3872296629207475,0.6344807744026184,0.10775798929504453,0.023312471821554936,0.1516704261302948,0.033107647067369635,0.14373167710644857,0.986382782459259,0.20486531887020476,0.12945942613961442,0.47818630933761597,0.11182597708908264,0.4347557835280895,1.3029588460922241,0.3242376383036756,0.061882190738937685,0.10521326214075089,0.02282606032218725,0,8304,2109,23.890954399947077,0.16428939998149872,0.2578281001187861,0.890625,0.073201023042202,0.041709817945957184,False,220,220,reasoning-2048-0,reasoning,0.0625,inv_pyramid,False
0.06576801271044783,0.5247942209243774,0.10662540085525178,0.18766871307577407,0.99949049949646,0.23488991531228012,0.06725729636049696,0.5247942209243774,0.10648666681876873,0.06029626851003351,0.5247942209243774,0.10804985360188706,0.04658688596932085,0.4576120376586914,0.10277681413330295,0.13009628703418588,0.9999995231628418,0.22930323585400877,0.053455490801882534,0.45761197805404663,0.1035834531554144,0.04222581687385433,0.45761197805404663,0.10275213520481938,0.2489454671740532,0.5797279477119446,0.10072336913350734,0.3254584031445639,0.5880247950553894,0.10562094559128811,0.01453558162445136,0.1366974413394928,0.028232396893596027,0.08696878807885307,0.7294082641601562,0.16639698873299805,0.09803576574527792,0.702460527420044,0.13040754701318558,0.32889462342219694,1.8406513929367065,0.37252706983251294,0.06232658999838999,0.10563714057207108,0.02281524836266212,1,220,2110,0.0,0.162157200044021,0.2638898999430239,9.625,9.847470937529579e-05,7.427281047966972e-07,False,16,16,reasoning-2048-0,reasoning,0.0625,inv_pyramid,False
0.0821060912484037,0.4099905490875244,0.08673856821541116,0.24460133697305406,0.9475287795066833,0.2189937068140925,0.08578085776285402,0.4099905788898468,0.08619399507091281,0.07286768069025129,0.4099905788898468,0.0886531140431023,0.04719498948335448,0.2926587462425232,0.07322022270767871,0.15640271002692835,0.9510471820831299,0.2288649591470767,0.05359988816365201,0.2926587462425232,0.07570814958982809,0.04003277405406282,0.2926587462425232,0.0697116479273534,0.2912336657089846,0.5464144945144653,0.09532120959640719,0.37333015139613834,0.6425120830535889,0.10375151039367769,0.016773702813744813,0.10122742503881454,0.021983307359022656,0.08532047271728516,0.46137893199920654,0.10110935709063898,0.12160382007381745,0.5110732913017273,0.09745273281140716,0.40135277222309795,1.7512266635894775,0.31241205241174075,0.06277056464127131,0.10606060922145844,0.022804446032120538,2,16,2111,0.0,0.1668982000555843,0.2526734001003206,5.65625,0.0023061754181981087,3.77670512534678e-05,False,25,25,reasoning-2048-0,reasoning,0.0625,inv_pyramid,False
0.2571915658856077,0.9202401638031006,0.22867300228307255,0.5213707089424133,0.9999511241912842,0.259449500741398,0.27629008809370653,0.9202401638031006,0.22155450087283518,0.21890218795410224,0.9202401638031006,0.23783919810319595,0.14705861461282307,0.9995855093002319,0.24980274515842937,0.2879289778481637,1.0,0.27712378681708133,0.1662599351589701,0.9995856285095215,0.2499510430946243,0.12873346333175764,0.9995856285095215,0.25249345863421513,0.3813279675585883,0.6764482259750366,0.12136611120218213,0.40122626575508286,0.7041469812393188,0.16451355317613026,0.1570324378054855,0.8474439382553101,0.23003104344542635,0.43111579971654074,1.4412065744400024,0.39050658638495367,0.4051623067685536,1.837214708328247,0.382774088883342,0.9986654913851193,3.7812650203704834,0.7432032938328782,0.04915151013327496,0.09133932739496231,0.023376574306020408,3,25,2112,0.0,0.16220999998040497,0.25949559989385307,2.96875,0.10752107203006744,2.1840474605560303,False,56292,56292,reasoning-2048-0,reasoning,0.0625,inv_pyramid,False
0.2962039134332112,0.7094392776489258,0.14983405276612294,0.6686213889292308,0.990232527256012,0.23576399214459842,0.31472078604357584,0.7094393372535706,0.1436139576050321,0.23972143232822418,0.7094393372535706,0.16091663705753756,0.2061330359429121,0.9997596144676208,0.2454901377345683,0.3949448543467692,1.0,0.2798232764762428,0.24167213096682513,0.9997596144676208,0.24465000814740642,0.1745618212568973,0.9997596144676208,0.24833881932989876,0.4126871494310243,0.7162905931472778,0.10657619848573913,0.3925320474164827,0.7122563123703003,0.147835926105392,0.18767351803502866,0.8365691900253296,0.2007942517851499,0.6026288547686168,1.5554172992706299,0.45456041839085215,0.4626731164753437,1.2458637952804565,0.2786093089553855,1.07383886298963,3.2406463623046875,0.5750252576540564,0.049601298357759206,0.09176915884017944,0.023365517248112727,4,56292,2113,0.0,0.16392339998856187,0.2784726000390947,0.8437500596046448,0.19518011808395386,1.4386072158813477,True,7117,59421,reasoning-2048-0,reasoning,0.0625,inv_pyramid,False
0.3097787542002542,0.682912290096283,0.1482238320320037,0.6593974530696869,0.9890492558479309,0.20578771580992816,0.3395623881369829,0.6829122304916382,0.13936563335465038,0.23800046848399298,0.6829122304916382,0.162191741444561,0.23034700718043105,0.9998127818107605,0.24111992804249666,0.4633829475247434,1.0,0.27075742571967665,0.2810644583244409,0.9998128414154053,0.23648430679331264,0.18964563509715454,0.9998128414154053,0.24571882517292404,0.44118412903376986,0.6883563995361328,0.10453390309043345,0.4311558375401156,0.7048381567001343,0.12478992127097885,0.14864344502400076,0.6026458740234375,0.15655480868542862,0.5004474116223199,1.33186936378479,0.40851919135633846,0.41916883098227636,1.1006165742874146,0.24809494030913806,0.97003537522895,2.5879058837890625,0.46619579792707566,0.05005065917170474,0.09219858050346375,0.02335446996386862,5,7117,2114,0.0,0.1637029000557959,0.25549179990775883,4.640625,0.009048083797097206,0.008808107115328312,False,220,220,reasoning-2048-0,reasoning,0.0625,inv_pyramid,False
0.2887084194059883,0.6499723196029663,0.14240739946640832,0.6472970736878259,1.0,0.1984709611553883,0.3130993688745158,0.6499722599983215,0.13515450641338225,0.23207815417221614,0.6499722599983215,0.15244741582405774,0.22121464747137257,0.9988733530044556,0.24659362800231696,0.42758692002722193,1.0,0.2695654026977878,0.2627093028277159,0.9988733530044556,0.24211638432538352,0.1890612161784832,0.9988733530044556,0.2488647186422096,0.39811961352825165,0.6946802139282227,0.10126686481716983,0.3857198219214167,0.7180320024490356,0.1165597455740474,0.152322974505036,0.45501983165740967,0.12912511530522033,0.5817059597798756,1.441861867904663,0.42837640379593084,0.42047611091818127,1.0182175636291504,0.21880869079567003,0.9944508405668395,2.707845687866211,0.49398544671580624,0.05049959257511156,0.09262759238481522,0.023343431591358654,6,220,2115,0.0,0.1598243999760598,0.2712385000195354,5.53125,0.00829335954040289,0.001764315296895802,False,16,16,reasoning-2048-0,reasoning,0.0625,inv_pyramid,False
0.27448263737772194,0.6512576937675476,0.12915953889586484,0.6092587347541537,1.0,0.20251067329889644,0.3072948772460222,0.6512576341629028,0.11836094217802923,0.21560244395264558,0.6512576341629028,0.14220893033089682,0.22705348820558616,0.9992722272872925,0.2445560617899352,0.4321074665391019,1.0,0.2663085010991922,0.27904674171337057,0.9992721676826477,0.23837792553105355,0.18812317065229373,0.9992721676826477,0.2484615739301174,0.4037011893732207,0.6325010657310486,0.09401449353275747,0.40588660751070293,0.6579372882843018,0.11632388842178647,0.15056308950962766,0.5825021862983704,0.15596603361659137,0.5321890413761139,1.3235218524932861,0.3902283904558821,0.4057373447077615,0.9121464490890503,0.2216399701439246,0.9817922136613301,2.472846269607544,0.43086346229744293,0.05094810821382063,0.09305620938539505,0.023332407169791458,7,16,2116,0.0,0.1638346000108868,0.2714259000495076,4.09375,0.011360852979123592,0.0734967291355133,False,22,22,reasoning-2048-0,reasoning,0.0625,inv_pyramid,False
0.26114545868975775,0.6112203598022461,0.1291596670776424,0.5874513877289635,1.0,0.2336943735533065,0.2974088162715946,0.6112203001976013,0.11950874500923585,0.19698443277073757,0.6112203001976013,0.1394389499297994,0.228940740593576,0.999339759349823,0.24235477659503377,0.42134206436042276,1.0,0.26374425861836204,0.2831191212337996,0.9993398189544678,0.23903050309239793,0.1791361864722733,0.9993398189544678,0.24790070971267872,0.4058618699865682,0.6305611729621887,0.09460957140189602,0.42751218006014824,0.6671673059463501,0.11495723737208766,0.12675835341880365,0.5151318311691284,0.1487609970702664,0.4271034300327301,1.3193588256835938,0.406998340612915,0.35486284430537907,0.8502696752548218,0.2144767040450908,0.8227631694504193,1.775097131729126,0.37643847260197677,0.051396194113684554,0.09348441660404205,0.023321388966428925,8,22,2117,0.0,0.16306890011765063,0.28800150007009506,5.40625,0.01324131153523922,0.00482723256573081,False,10993,10993,reasoning-2048-0,reasoning,0.0625,inv_pyramid,False
0.26821405813097954,0.6532831192016602,0.1336157322646883,0.621845428432737,0.9919757843017578,0.2388044466598203,0.28675706684589386,0.6532831192016602,0.13313090951408696,0.20802129698651178,0.6532831192016602,0.13753425012263598,0.23031267251021095,0.9996427297592163,0.24369071827004324,0.4363432436117104,1.0,0.26672485049665207,0.276945583854935,0.9996427297592163,0.24499933376905933,0.1938611357472837,0.9996427297592163,0.24468385601224188,0.41303672428642,0.6133304834365845,0.09621493923190938,0.420740154172693,0.6646414399147034,0.10968189198704299,0.14126115518489055,0.564454972743988,0.14317639278254432,0.527295212660517,1.4252128601074219,0.41396134215692043,0.3817646737609591,0.8186799883842468,0.21097348050672143,0.9116851261683873,1.8139673471450806,0.35421922263172523,0.051843861384051185,0.09391222149133682,0.02331038336878369,9,10993,2118,0.0,0.1684302999638021,0.2646393000613898,1.34375,0.10876064747571945,0.1143604964017868,False,624,624,reasoning-2048-0,reasoning,0.0625,inv_pyramid,False
0.21568511338305793,0.7013584971427917,0.19725268612192873,0.46803307107516695,1.0,0.287984808854296,0.2232175367950861,0.7013584971427917,0.19538588438496868,0.1861113201261365,0.7013584971427917,0.20436338371619392,0.1660222738698524,0.9969629049301147,0.245009763193792,0.32086246673549923,1.0,0.2859919839930953,0.1889957294084265,0.9969627857208252,0.2468049848193467,0.14543225136419227,0.9969627857208252,0.247031954167799,0.38784134813717436,0.5799974203109741,0.09263924044929354,0.4514247977307865,0.6317561268806458,0.10924513470845951,0.11106621884079816,0.6711174845695496,0.15962087884471646,0.34545531443187166,1.1021389961242676,0.36659782738164726,0.29257526474871803,0.9692816734313965,0.2556471235311064,0.6955849320760795,1.8934494256973267,0.4615850326220577,0.052291105900491984,0.09433962404727936,0.0232993887945996,10,624,2119,0.0,0.15472630015574396,0.2516445000655949,3.953125,0.014776898548007011,0.009643146768212318,False,8304,8304,reasoning-2048-0,reasoning,0.0625,inv_pyramid,False
0.16242389432487211,0.6254310607910156,0.1862313887595818,0.38047372869082857,0.9565227627754211,0.3437712444043697,0.16524540190584958,0.6254310011863708,0.18354413631366254,0.1265210349811241,0.6254310011863708,0.19083679679151042,0.14504931417260586,0.9990552663803101,0.24880406021342083,0.2947177646357367,1.0,0.3154334609359812,0.16078913957088453,0.9990552663803101,0.24978991248442303,0.12534823482876942,0.9990552663803101,0.25243699582539275,0.3267191680414336,0.6068463325500488,0.09467589515644614,0.3989860713481903,0.7066797018051147,0.11225230133566323,0.07241931122708982,0.49077415466308594,0.1270954127275432,0.2204050953899111,1.1299184560775757,0.3017261699067527,0.2147150758786925,0.8178763389587402,0.23597848010677866,0.5089439893407481,1.7769145965576172,0.43389222612923734,0.05273792746343783,0.09476661682128906,0.02328840380630161,11,8304,2120,0.0,0.15940489992499352,0.26132860011421144,5.96875,0.0017827588599175215,0.0013332909438759089,False,220,220,reasoning-2048-0,reasoning,0.0625,inv_pyramid,False
0.13611076826262952,0.6587346792221069,0.17944840914569027,0.3275275911603655,1.0,0.366478910318063,0.13615796676770384,0.6587346792221069,0.1764316122985814,0.10378576664619946,0.6587346792221069,0.18110214097009603,0.11731905993760197,0.9985398054122925,0.2428990937306709,0.20673468635608774,1.0,0.2699124364190318,0.13248084727560386,0.9985398054122925,0.242797792717258,0.10396063923846148,0.9985398054122925,0.24438757170581782,0.27691044551985605,0.6184403896331787,0.10463835148478684,0.3448888233729771,0.594549298286438,0.09939654184730319,0.062181980116292834,0.38091492652893066,0.10301964397015229,0.23762497092996324,1.0844573974609375,0.346230643498309,0.18277662599991476,0.8521446585655212,0.23895754232550512,0.4872170177487923,2.3901333808898926,0.5615975017185851,0.053184325607227426,0.09519320726394653,0.023277427778990837,12,220,2121,0.0,0.17186939995735884,0.24508049990981817,8.15625,0.0004939396749250591,0.00014507527521345764,False,17,17,reasoning-2048-0,reasoning,0.0625,inv_pyramid,False
0.14735269020976766,0.5368267297744751,0.16410125816371962,0.36110709820474896,1.0,0.317031675656496,0.15138570516968944,0.5368267297744751,0.1605179925222433,0.11989556180196814,0.5368267297744751,0.1649144328046138,0.13809599758159102,0.9989410638809204,0.24515853328540013,0.2696279833991347,1.0,0.296680624711344,0.15678790232466003,0.9989410042762756,0.2470672299049904,0.12008954163840306,0.9989410042762756,0.24748018752694448,0.3410395101777145,0.5717970132827759,0.08717703764052759,0.4271849276764052,0.6634161472320557,0.10041014377679125,0.05316604600549064,0.2948170006275177,0.08804438419083715,0.2120629016842161,0.9695878624916077,0.2888342531859086,0.18297180772060528,0.7161723375320435,0.1956742263988493,0.504872989874067,1.787276029586792,0.41071889266713424,0.05363030831462571,0.09561941027641296,0.02326646555178512,13,17,2122,0.0,0.15587629983201623,0.25009749992750585,9.203125,0.00028748030308634043,7.660980190848932e-05,False,25,25,reasoning-2048-0,reasoning,0.0625,inv_pyramid,False
0.18793986654574318,0.5009806156158447,0.13883939335649834,0.5040708397115979,0.9999526739120483,0.2536613691651226,0.20039604165192162,0.5009806752204895,0.13800306296956938,0.14476526681599872,0.5009806752204895,0.14557616526735187,0.16133047081530094,0.9989902377128601,0.23585201093836977,0.3351474292576313,1.0,0.2690239105090016,0.19334911132630492,0.9989902377128601,0.23635219715160743,0.13341727347246238,0.9989902377128601,0.2381548986061432,0.3730060037757669,0.6309250593185425,0.08649527868810399,0.4395024260239942,0.6490927934646606,0.10595699523726598,0.06424567127812354,0.3174642324447632,0.08188920607344898,0.26599746091025217,0.9890924692153931,0.2643359018771379,0.23903685295954347,0.6089580655097961,0.1586010701623692,0.6746898495725223,1.4519232511520386,0.3167730704517611,0.0540758686672364,0.09604519605636597,0.02325551050014148,14,25,2123,0.0,0.15767910005524755,0.24081190000288188,0.6406250596046448,0.11493106931447983,0.31432244181632996,False,29405,29405,reasoning-2048-0,reasoning,0.0625,inv_pyramid,False
0.2580176615821464,0.5427326560020447,0.13406499890451237,0.6032542969499316,0.9709434509277344,0.2603915530701174,0.26649017685226034,0.5427325963973999,0.1310660656461473,0.198570874253554,0.5427325963973999,0.13968085583432627,0.22733941075525113,0.9974740743637085,0.23203041246614084,0.44970333323414835,1.0,0.27141053000845,0.27209557932136313,0.9974741339683533,0.23224174601353642,0.18678315496072173,0.9974741339683533,0.23414081567027442,0.4089037376855101,0.6140879988670349,0.09891782607317158,0.4280698799661228,0.6401387453079224,0.10428690816898886,0.11215198503590987,0.4650796353816986,0.11959189315018737,0.45296281576156616,1.4798884391784668,0.4444474844601828,0.3355386536568403,0.8273910284042358,0.19912153510176975,0.7630273428346429,1.4853758811950684,0.33491903895770797,0.05452100846118161,0.09647058695554733,0.023244565908626544,15,29405,2124,0.0,0.1546386000700295,0.24497899995185435,5.625,0.009853407740592957,0.0049515473656356335,False,7117,7117,reasoning-2048-0,reasoning,0.0625,inv_pyramid,False
0.22473423582102572,0.5105684399604797,0.13172009487013212,0.54269491987569,0.9585552215576172,0.25645278607889177,0.24405170737632684,0.5105683207511902,0.12792288312362513,0.17827243597379752,0.5105683207511902,0.13781552758931628,0.2206646536277341,0.9976108074188232,0.23435653613604565,0.44993464023407015,1.0,0.2934823153365468,0.2722017839550972,0.9976108074188232,0.23753727099574945,0.1799208015602614,0.9976108074188232,0.23587100587932794,0.4102643760187285,0.6204010248184204,0.09444862315428612,0.45172158788357464,0.695336103439331,0.10647404613389758,0.07933726915091809,0.3685898780822754,0.08704379167674679,0.3390457843031202,1.1393122673034668,0.3319975308824405,0.28442893110747847,0.8473259210586548,0.19476216102491012,0.728558789406504,1.5285731554031372,0.3676458016518075,0.05496572829516871,0.09689557552337646,0.02323363281463398,16,7117,2125,0.0,0.15726700006052852,0.2530733000021428,7.46875,0.0016989150317385793,0.00025169170112349093,False,220,220,reasoning-2048-0,reasoning,0.0625,inv_pyramid,False
0.2044595471982445,0.442973256111145,0.1053200141264743,0.5333218340362821,1.0,0.24000648959378962,0.22859308203416212,0.4429732859134674,0.10472701475231493,0.15861150216577308,0.4429732859134674,0.11753031092747056,0.19648229174448975,0.9962908029556274,0.22430369469507744,0.41746761709717767,1.0,0.28403260805075176,0.23779723633612906,0.9962907433509827,0.22929327064859667,0.15995401300356857,0.9962907433509827,0.22528797772964915,0.3821472632033484,0.5967961549758911,0.08591632498286152,0.4359458876507623,0.7141965627670288,0.09332468403755943,0.06531288681851168,0.26083528995513916,0.05636852050858458,0.323344601052148,0.934502899646759,0.2709728213187104,0.26382151392421554,0.5536779761314392,0.12739973338737975,0.7371287340564388,1.5114731788635254,0.36862744931557195,0.055410035619778295,0.09732016921043396,0.023222710787198966,17,220,2126,0.0,0.15494969999417663,0.23941560019738972,5.078125,0.007446015253663063,0.0006620669737458229,False,16,16,reasoning-2048-0,reasoning,0.0625,inv_pyramid,False
0.21602445361869677,0.44157716631889343,0.09814210550479893,0.56479526417596,1.0,0.21746573997421156,0.23815581601645266,0.44157713651657104,0.09498794322354971,0.1548407609973635,0.44157713651657104,0.1090077280715865,0.20920146735651152,0.9954649209976196,0.22344110376372944,0.4358315256291202,1.0,0.2652173929287118,0.25544946155111703,0.9954648613929749,0.22254834066434992,0.16523644251615874,0.9954648613929749,0.22722290168606446,0.38849861015166554,0.5543001890182495,0.08202352477286827,0.43593152293137144,0.6484742760658264,0.08950467715523357,0.07359959266614169,0.23614393174648285,0.06099958759801072,0.3235638418367931,0.9339222311973572,0.2382304976308071,0.28429429339511053,0.6151200532913208,0.13462311591942783,0.7654554694890976,1.6645841598510742,0.3211219879360848,0.05585392019046204,0.09774436056613922,0.02321179676647228,18,16,2127,0.0,0.15673839999362826,0.2646681999322027,3.8125,0.02009948343038559,0.0034334741067141294,False,17,17,reasoning-2048-0,reasoning,0.0625,inv_pyramid,False
0.22386828690235103,0.43559083342552185,0.10854703214715357,0.5469357137169156,1.0,0.25067709579475383,0.24143888721508638,0.43559086322784424,0.10735125564084338,0.16673720654632365,0.43559086322784424,0.11343404553622573,0.23572713070149934,0.9952053427696228,0.21760593616514223,0.4533933653895344,1.0,0.2594594524065474,0.2880238838094686,0.9952054619789124,0.22150173150475302,0.18521421758591064,0.9952054619789124,0.21921206292077958,0.40329654568008017,0.5741745233535767,0.09102230942303821,0.4430535478251321,0.6142071485519409,0.09731856437481172,0.08366928548951234,0.43714624643325806,0.09297950427252741,0.31931095889636446,1.395728349685669,0.33321217163241057,0.2867132084710257,0.6153628826141357,0.15794300398404282,0.6851105056703091,1.5057644844055176,0.3129448172465706,0.05629739012303097,0.09816815704107285,0.023200894107821782,19,17,2128,0.0,0.15389080019667745,0.2714716999325901,8.125,0.0005692807608284056,0.004130012355744839,False,10993,10993,reasoning-2048-0,reasoning,0.0625,inv_pyramid,False
0.21099008659699134,0.5229815244674683,0.11749556212190408,0.530614857162748,0.959966242313385,0.21615710315290446,0.22328410989471845,0.5229815244674683,0.11808918785227393,0.1666123239722635,0.5229815244674683,0.11728045513760628,0.23329757872436727,0.9934778213500977,0.23170679858385324,0.44882652975086657,0.9999999403953552,0.2797587212515594,0.2858893317170441,0.9934778213500977,0.2358585057394749,0.18791203945875168,0.9934778213500977,0.22866027808404327,0.4042170766208853,0.5999901294708252,0.09207674633261015,0.4465933122805187,0.6713622808456421,0.10249840822263917,0.07603773551194795,0.23587581515312195,0.062349738898238714,0.37336634525230955,1.0986418724060059,0.32124788092062323,0.27613924417112556,0.6001311540603638,0.15337728721341592,0.76801626597132,1.6071916818618774,0.35059129885396434,0.05674044322222471,0.09859155118465424,0.023190001650721218,20,10993,2129,0.0,0.17031220020726323,0.28224189998582006,6.59375,0.003835757728666067,0.0005735295126214623,False,624,624,reasoning-2048-0,reasoning,0.0625,inv_pyramid,False
0.15395810371930047,0.5338366627693176,0.13304643267399904,0.40085331882749287,1.0,0.2583939296967842,0.15959534105578704,0.5338366627693176,0.13221259060241652,0.13236653929509754,0.5338366627693176,0.13782096935069213,0.15873613709118217,0.9925647974014282,0.21859385185086685,0.3399015303168978,1.0,0.27256685455107404,0.18943863716309092,0.9925647974014282,0.22321245498569658,0.13899750563515617,0.9925647974014282,0.2209135757430547,0.37927480574165073,0.5770846605300903,0.08853186835840639,0.46510497693504604,0.6457905173301697,0.10153384809326077,0.04860270902593454,0.21382483839988708,0.055820702956865295,0.2420226718698229,0.8425439596176147,0.2554676625917508,0.1993591021746397,0.520012617111206,0.13883218335338662,0.6097133542810168,1.645054578781128,0.3802821321228521,0.057183078822812865,0.09901454299688339,0.023179119056555435,21,624,2130,0.0,0.15744969993829727,0.2618721998296678,10.40625,0.0001626603479962796,1.3239045983937103e-05,False,8304,8304,reasoning-2048-0,reasoning,0.0625,inv_pyramid,False
0.11207117278328431,0.505637526512146,0.12972234257421866,0.30564501881599426,0.915186882019043,0.26653080296134724,0.11774316862491625,0.505637526512146,0.1291322845581649,0.09357532515423372,0.505637526512146,0.1340379280552245,0.13527941849107655,0.9927834272384644,0.22551484255122067,0.2865939182977724,0.9999999403953552,0.29651280248593354,0.15411031259074143,0.9927835464477539,0.22769991680697144,0.11686960507982544,0.9927835464477539,0.22842841455542706,0.3293908052146435,0.5394431948661804,0.0827776338767652,0.4284744007246835,0.6380071640014648,0.1065791318741417,0.032018132409413216,0.15806518495082855,0.047997906126506895,0.1560050951583045,0.685968279838562,0.20207838008583406,0.147224701408829,0.5360430479049683,0.15168823060946027,0.45626626150416477,1.6526626348495483,0.40548366992584056,0.05762530065008572,0.09943714737892151,0.023168247445832606,22,8304,2131,0.0,0.16305410000495613,0.26022669998928905,13.09375,4.565649760479573e-06,-3.078097421393977e-08,False,220,220,reasoning-2048-0,reasoning,0.0625,inv_pyramid,False
0.10644881445581891,0.587358295917511,0.14321718345809434,0.27180128012384686,1.0,0.2882274476490067,0.10867298758655254,0.5873582363128662,0.14252805186334164,0.0869525838019659,0.5873582363128662,0.14687529270518532,0.11987945339101966,0.9918424487113953,0.2273109514037112,0.2503804762548368,1.0,0.2866294519125002,0.13415539188177458,0.99184250831604,0.22725693035879993,0.10636760788786757,0.99184250831604,0.2293771196032503,0.2981660632150514,0.6033255457878113,0.09466543440805998,0.3836484482245786,0.6333779692649841,0.09736533059052942,0.03150767463902022,0.16710273921489716,0.049175872082754216,0.15261805483273097,0.7758092284202576,0.2208401097212312,0.13987869697822525,0.7381480932235718,0.17839421304079492,0.447829769924283,2.0021705627441406,0.49946832434323224,0.05806710697444422,0.09985934942960739,0.0231573854209959,23,220,2132,0.0,0.15822279988788068,0.26541810017079115,11.15625,4.002227069577202e-05,1.7206075426656753e-05,False,18,18,reasoning-2048-0,reasoning,0.0625,inv_pyramid,False
0.043216710993354876,0.17732273042201996,0.04158494581744174,0.15352857964379446,0.7570047378540039,0.17607350871557273,0.0487697243391137,0.20796257257461548,0.04753703520145341,0.029743650761832083,0.12105944752693176,0.028429292288031222,0.017885662899061572,0.1028757393360138,0.02858076720091011,0.06659303675405681,0.5216092467308044,0.11248383417087877,0.028265048321502815,0.16560877859592438,0.04233852123358835,0.01132018570621897,0.06571756303310394,0.018225541410595885,0.2981755770742893,0.510204017162323,0.08967841432189178,0.3656329395515578,0.6310364007949829,0.10317000440083385,0.004874605282696264,0.023813849315047264,0.006697838296707265,0.02982582790510995,0.13522350788116455,0.04009563641750102,0.06127196769895298,0.19765238463878632,0.046855141110964414,0.2177892533530082,0.6884942054748535,0.1627392193004218,0.12307693064212799,0.12307693064212799,0.0,0,8304,2079,23.371930700028315,0.16576340002939105,0.2657987999264151,0.1875,0.08368085324764252,0.006953319534659386,True,14319,220,reasoning-2048-1,reasoning,0.125,uniform,False
0.038902557521526306,0.24524246156215668,0.048855655119640545,0.16395618660109385,0.9110950231552124,0.21563528179921723,0.04537683579006365,0.2709971070289612,0.05429706424505689,0.024848366621881723,0.16973602771759033,0.033377663264818926,0.020332580074734454,0.15417185425758362,0.036827302364488196,0.07340189665722262,0.633537769317627,0.12896909457751882,0.03195620430986829,0.19617824256420135,0.04777002479448405,0.012752293959368086,0.09279535710811615,0.023185119634401005,0.2580213615936892,0.5337743163108826,0.09579584729271452,0.3231848451708044,0.6282985210418701,0.1101246134742251,0.008023231632510683,0.0488094761967659,0.013969859686291249,0.06593858131340571,0.5444865226745605,0.1269021362229436,0.058905841799319854,0.23661738634109497,0.05408833456938078,0.2667187774287803,0.9676423668861389,0.250146350338461,0.10812109708786011,0.10812109708786011,0.0,1,14319,2080,0.0,0.16377550014294684,0.25988909997977316,4.890625,0.0037289559841156006,0.0025386724155396223,False,29208,29208,reasoning-2048-1,reasoning,0.125,uniform,False
0.042480548743956854,0.2074688971042633,0.04028363779716908,0.14767096936702728,0.747016191482544,0.14272678189137325,0.0514149737178481,0.22676292061805725,0.045239737134885556,0.029868503766400472,0.15192513167858124,0.030193246711241947,0.019985961137405996,0.13530364632606506,0.032761809274029025,0.081137803283387,0.6186778545379639,0.12275072887943915,0.030211255029176494,0.1662982702255249,0.03945791455670919,0.014010667859630692,0.10425813496112823,0.02465275898317898,0.30212865823081564,0.5211572647094727,0.09272400810487277,0.37954586797526907,0.657569169998169,0.11140391741025714,0.005792848405170454,0.03787827119231224,0.009407419756803481,0.03510246958051409,0.24825751781463623,0.05368142232320629,0.06255711521953344,0.2059030383825302,0.04843964217548511,0.22949472242700203,0.842447817325592,0.17410489357364167,0.10854947566986084,0.10854947566986084,0.0,2,29208,2081,0.0,0.16727960016578436,0.2753590000793338,0.578125,0.19081108272075653,0.046656642109155655,False,29985,29985,reasoning-2048-1,reasoning,0.125,uniform,False
0.044510738674684296,0.2027207314968109,0.04368730553493277,0.16598654431956156,0.7741179466247559,0.1618988984010923,0.054343559978795905,0.22241342067718506,0.048733333168083946,0.031153285643085837,0.15307152271270752,0.03208065155114004,0.02060628357243591,0.12127497792243958,0.03212506044083052,0.08617408285915319,0.6546378135681152,0.13718871299534827,0.03199740316319678,0.16452614963054657,0.043879914154066404,0.014012762866124311,0.08622075617313385,0.022310628232799862,0.30507704030190197,0.5439075827598572,0.08895507695117436,0.3828351492328303,0.6111133098602295,0.10553816665908636,0.006299316230329818,0.04134445637464523,0.010019478808374983,0.04191170632839203,0.26076292991638184,0.059481077478223045,0.06437577719667129,0.235951229929924,0.04783043070779326,0.25186678634158205,0.7632085084915161,0.16986771749527982,0.10897743701934814,0.10897743701934814,0.0,3,29985,2082,0.0,0.16382459993474185,0.2586956999730319,1.5,0.05228537321090698,0.0004099725920241326,False,510,510,reasoning-2048-1,reasoning,0.125,uniform,False
0.08531004669410842,0.2945021092891693,0.07654699114958918,0.24111115080969675,0.7850325107574463,0.18674682911735402,0.09605245721260351,0.29702240228652954,0.07876939763217429,0.05626666532563312,0.2212727665901184,0.05133616320358762,0.028408298589056358,0.21213965117931366,0.048434041914836135,0.1006789821466165,0.6103427410125732,0.14788827068797974,0.042756729651175975,0.25084590911865234,0.06689879712877361,0.019224336154625883,0.16843315958976746,0.035779281834269164,0.34676730952092577,0.6445509195327759,0.11398649685162111,0.41003378321017536,0.7058147192001343,0.11684650339118671,0.015153973531726348,0.08983679860830307,0.01787070650137174,0.08364396010126386,0.3896881341934204,0.0967437974990449,0.11311128003788846,0.26875942945480347,0.06785514995030498,0.3665466883352825,0.8867753744125366,0.20894525267003008,0.10940498858690262,0.10940498858690262,0.0,4,510,2083,0.0,0.16509840008802712,0.256182000041008,2.8125,0.024838680401444435,0.0006669283611699939,False,16,16,reasoning-2048-1,reasoning,0.125,uniform,False
0.0803893469274044,0.31869906187057495,0.08413233690454347,0.24552691195692336,0.8865118622779846,0.22885366989273895,0.0900479034919824,0.32439887523651123,0.08431182823635933,0.05345529734456379,0.24798770248889923,0.06023171259990351,0.03177612958825193,0.27120035886764526,0.0558116094049848,0.09597244945221714,0.555971622467041,0.13735307781025832,0.053841759666933546,0.32469442486763,0.07796737274791732,0.021358421481896324,0.2078743577003479,0.041366153014647425,0.3088815488985607,0.6124398708343506,0.11305558055172092,0.3594653680920601,0.6474909782409668,0.11218095784900528,0.016557657689970386,0.09646926820278168,0.021387552363045376,0.086311508502279,0.4605722427368164,0.10083848120450126,0.10871084786153265,0.29909631609916687,0.07776803944612962,0.364146998551275,0.8767143487930298,0.2197976775356968,0.10983213037252426,0.10983213037252426,0.0,5,16,2084,0.0,0.16789539996534586,0.25464450009167194,8.765625,0.0002239457971882075,6.402547296602279e-05,False,13,13,reasoning-2048-1,reasoning,0.125,uniform,False
0.11881128291133791,0.3776896595954895,0.10221986838541018,0.3198021331003734,0.8896747827529907,0.22080689270717602,0.13466961977870337,0.40251535177230835,0.10612621592875057,0.08247791567451454,0.3161203861236572,0.07349963841317524,0.05162809747603855,0.3332235813140869,0.07050478951306141,0.1435331941050078,0.549522876739502,0.15109406022210764,0.07770284414956612,0.3993585407733917,0.09345062680089732,0.03539554461271369,0.27001312375068665,0.0537050957854123,0.37799232665981564,0.6574268341064453,0.12031456883414218,0.42738670110702515,0.645158052444458,0.1105626884045035,0.020987236924286532,0.0727008804678917,0.019927526971449717,0.09128613982881818,0.4369239807128906,0.08425080316692099,0.14805294666439295,0.42500197887420654,0.09839896530752155,0.4134148789037551,0.9390152096748352,0.18424592427830136,0.11025886982679367,0.11025886982679367,0.0,6,13,2085,0.0,0.16249490017071366,0.2655055997893214,3.125,0.024177836254239082,0.005531949456781149,False,56292,56292,reasoning-2048-1,reasoning,0.125,uniform,False
0.15439976432493754,0.3532862663269043,0.09460793065205438,0.4245740941592625,0.9865735769271851,0.21170516121908703,0.18034143918859108,0.3671067953109741,0.10043175661401549,0.09285582778310138,0.29194414615631104,0.06119510741946728,0.08911632255850625,0.3787074089050293,0.08871197472355451,0.2343556683377496,0.6017566919326782,0.15234084008112012,0.14011697291529604,0.4381616413593292,0.1317946244926114,0.05562077627317714,0.28848588466644287,0.05969316346579266,0.390099008168493,0.6495009660720825,0.10982707847767066,0.4161987826228142,0.6744152307510376,0.10799283059927144,0.03796924544232232,0.3135823607444763,0.05581149629803646,0.17388969021184103,1.284423828125,0.22730448795807,0.18614519493920462,0.4197175204753876,0.0845911542568807,0.5303490098033633,1.0921225547790527,0.17806793453066605,0.11068519204854965,0.11068519204854965,0.0,7,56292,2086,0.0,0.16436569998040795,0.2558543998748064,2.125,0.061937365680933,0.03172341361641884,False,7117,7117,reasoning-2048-1,reasoning,0.125,uniform,False
0.1524592526257038,0.39524102210998535,0.09128047507927306,0.4116047961371286,0.7733129858970642,0.15625338014999904,0.1850326769053936,0.44659146666526794,0.09780213116781877,0.09769431950657495,0.2986159324645996,0.06473303436414116,0.08452141524425574,0.36470848321914673,0.08034380459494449,0.241892361680844,0.6485874056816101,0.15956428937406078,0.1327985827145832,0.45736780762672424,0.1080190548875294,0.05570498657678919,0.2807881832122803,0.05780381284862233,0.4097600600549153,0.6673126220703125,0.10567558103997395,0.4399196228810719,0.6465262174606323,0.09876249583697588,0.034789596035677404,0.23363849520683289,0.04167696161863182,0.17550730918134963,1.2782567739486694,0.22801592971964568,0.18769909055637463,0.3975861966609955,0.08840526238663513,0.5245770482080323,1.1238692998886108,0.1857517956470041,0.1111111119389534,0.1111111119389534,0.0,8,7117,2087,0.0,0.1602309998124838,0.27501649991609156,4.953125,0.007641325239092112,0.000750765495467931,False,220,220,reasoning-2048-1,reasoning,0.125,uniform,False
0.11798251666394728,0.3008856177330017,0.07098695112682836,0.3364704953772681,0.7722206711769104,0.1763082630830046,0.1442743752683912,0.3541507124900818,0.08215111135296471,0.07570114146385874,0.23561440408229828,0.04951977628249984,0.057902780427996604,0.1828748881816864,0.05020150782583459,0.19839211766208922,0.5369212627410889,0.14657074485192725,0.10362288562048759,0.3587644696235657,0.08506765894339328,0.0383491972793958,0.1211562305688858,0.03410180167181055,0.3664499462715217,0.6361563801765442,0.09390134657246271,0.4073770280395235,0.7163046598434448,0.10012825823595015,0.022849788502623727,0.0825045257806778,0.018135498650019323,0.11102359209741865,0.3710554838180542,0.08284256445062628,0.15316840168088675,0.27124786376953125,0.0711658601420087,0.4496463244514806,0.8481621742248535,0.15998227025990833,0.11153662204742432,0.11153662204742432,0.0,9,220,2088,0.0,0.1657324000261724,0.2531846999190748,7.484375,0.000908481131773442,0.00014140832354314625,False,16,16,reasoning-2048-1,reasoning,0.125,uniform,False
0.1249327990891678,0.2970126271247864,0.0714121366351488,0.35109956562519073,0.8851435780525208,0.1901210926186737,0.16213610182915414,0.3574286103248596,0.08053434531873375,0.08000647662473577,0.19751474261283875,0.04905306600764233,0.0725533706468663,0.2872407138347626,0.06688239282302705,0.21440859365143947,0.6094980835914612,0.1459209191767065,0.12924285399328386,0.38803601264953613,0.10397752651271493,0.04567879661252456,0.1917281448841095,0.044949836854334235,0.37174919939466883,0.6082139015197754,0.09984887940911277,0.4033996505396707,0.6611666083335876,0.1048280183158333,0.03195497271787774,0.12275056540966034,0.0294415309844212,0.16771891287394933,1.1138198375701904,0.2074526060413877,0.17171552644244262,0.37742123007774353,0.08288781050212009,0.507785044078316,1.0731831789016724,0.22312625816260498,0.1119617223739624,0.1119617223739624,0.0,10,16,2089,0.0,0.16337059997022152,0.2540520001202822,6.609375,0.0010562264360487461,8.748065010877326e-05,False,19,19,reasoning-2048-1,reasoning,0.125,uniform,False
0.14623479565073336,0.3347962498664856,0.07730907158187933,0.4192754924297333,0.9915369153022766,0.21595985698120518,0.1902435767863478,0.4646700620651245,0.09331728732877033,0.09200073279706496,0.2153211236000061,0.04964624734463822,0.10141261520662478,0.3931844234466553,0.08851553737579834,0.2651776695357902,0.5666216611862183,0.15384822241443466,0.17376201586531742,0.5117733478546143,0.13055244017072015,0.06503966814904873,0.2897898554801941,0.061479129696776776,0.403169721364975,0.5979360342025757,0.09703137939661415,0.4341127265776907,0.6180713176727295,0.09459680913403105,0.03968015856974359,0.30566659569740295,0.0550515524767484,0.20163141829626902,1.3281266689300537,0.25788105470432293,0.18719366951180355,0.40297362208366394,0.07946989123053551,0.5471172769154821,1.1088502407073975,0.22957099969103797,0.11238642036914825,0.11238642036914825,0.0,11,19,2090,0.0,0.16415999992750585,0.27251109993085265,6.140625,0.0032377366442233324,0.000777297536842525,False,10993,10993,reasoning-2048-1,reasoning,0.125,uniform,False
0.13260412562106336,0.3164830207824707,0.082271669334531,0.3818684390613011,0.854478657245636,0.20270179427231744,0.15759481556181396,0.32305771112442017,0.08068511994103955,0.07767049236489194,0.212369903922081,0.04716007593836569,0.09428802046126553,0.29686468839645386,0.07731995424001174,0.25687773233013494,0.6419721841812134,0.16533400094127246,0.15371739751260197,0.49537965655326843,0.12056031917544528,0.05905710110839989,0.19412967562675476,0.04901464276827804,0.38866446380104336,0.6172885894775391,0.0926200020729211,0.4280127914888518,0.669609546661377,0.09315112713107168,0.028958907014124895,0.08630698919296265,0.022363287206550227,0.15971308095114573,0.45268750190734863,0.12366138638798556,0.16142981073686055,0.33233708143234253,0.07372525024743724,0.5028513414519173,0.8420434594154358,0.20468438848642279,0.11281070858240128,0.11281070858240128,0.0,12,10993,2091,0.0,0.16156450007110834,0.2565353000536561,2.484375,0.05474352091550827,0.02532423473894596,False,624,624,reasoning-2048-1,reasoning,0.125,uniform,False
0.07743009036806013,0.3010402023792267,0.07210698603339193,0.23950706209455216,0.7462838292121887,0.1745892204622233,0.09000254615343042,0.33966270089149475,0.0763658316464107,0.053627721699220796,0.2274797409772873,0.05327283887141553,0.0505122094847528,0.2733338177204132,0.06463304683621844,0.15653583207832916,0.6395614743232727,0.17173654188643864,0.07999042852316052,0.36145275831222534,0.0885339156424187,0.03260552760080567,0.19754549860954285,0.044256561565619384,0.3452828010278089,0.6286591291427612,0.09875369377044589,0.4081380271485874,0.6781217455863953,0.10352385875025231,0.0158507940515327,0.09287002682685852,0.01878595464740316,0.0997927508183888,0.4945225715637207,0.12304142549159426,0.10414725941206728,0.26692986488342285,0.06014882288932851,0.39105734867709024,1.0443480014801025,0.22411167623517206,0.11323459446430206,0.11323459446430206,0.0,13,624,2092,0.0,0.16483409982174635,0.26806339994072914,6.25,0.001294525689445436,0.0003230256261304021,False,17,17,reasoning-2048-1,reasoning,0.125,uniform,False
0.06248478579800576,0.2599605321884155,0.06475259211917132,0.21815415152481624,0.7611327171325684,0.1913410308509524,0.06991742873963501,0.2666771411895752,0.0677178031450001,0.04517267391617809,0.19898301362991333,0.048633622910444665,0.03808086811165724,0.2782069444656372,0.05991293746843661,0.11788736363606793,0.577920138835907,0.15229893185496324,0.062017574332587956,0.32085201144218445,0.08685752289698602,0.025993665056635758,0.21418529748916626,0.043841515514153565,0.3269716958914484,0.6132108569145203,0.09184851464387178,0.3974860890635422,0.6520434617996216,0.09101667570362301,0.008773794733964937,0.02537599764764309,0.007456194920337069,0.05517164085592542,0.13834083080291748,0.04594761844031368,0.0780071725603193,0.2153349220752716,0.053013635167728675,0.3164449641481042,0.7862372398376465,0.18360783608480905,0.11365807056427002,0.11365807056427002,0.0,14,17,2093,0.0,0.16911239991895854,0.2554067999590188,11.6875,2.8051112167304382e-05,3.2165228276426205e-06,False,13,13,reasoning-2048-1,reasoning,0.125,uniform,False
0.09483504499907472,0.301482230424881,0.07361379546866115,0.3396229829107012,0.8953568339347839,0.23034585436723012,0.10771700593509845,0.3259875178337097,0.08268697777947526,0.06530309225698668,0.25119104981422424,0.05759918565766523,0.061319050004905354,0.2924261689186096,0.06700175533695613,0.18875065023478652,0.5696459412574768,0.16315757780128629,0.09970100879270051,0.3501908779144287,0.09574475195449779,0.0403784459797732,0.2316051721572876,0.04920453263852287,0.358923471399716,0.6240281462669373,0.09624436293649836,0.4164793033685003,0.6336144208908081,0.09066039507229408,0.01677037891671976,0.06396539509296417,0.014863690469352672,0.11348531927381243,0.5981031656265259,0.14263529240285056,0.11632471205666661,0.3200390338897705,0.07244109453288268,0.4239462363932814,1.0477098226547241,0.23341067902831408,0.11408115178346634,0.11408115178346634,0.0,15,13,2094,0.0,0.16138129984028637,0.24811820010654628,3.0,0.023036526516079903,0.01702413335442543,False,29405,29405,reasoning-2048-1,reasoning,0.125,uniform,False
0.12659975217788347,0.3044285774230957,0.07315798695667017,0.3817829745156424,0.7454957365989685,0.18101540598545454,0.14768606411027058,0.3297300636768341,0.08009892754581825,0.07960868334131581,0.2140035331249237,0.047802355013398766,0.09059262952567744,0.4094850718975067,0.09372727178246028,0.24627697521022388,0.5948082208633423,0.17489149798053064,0.1380501817246633,0.5048263072967529,0.1279504912753955,0.05694258510733822,0.25419846177101135,0.058190040791859986,0.3772344881934779,0.5968494415283203,0.09962162341394044,0.4125853766288076,0.6213711500167847,0.0987964678777856,0.024798857626072795,0.12012387812137604,0.024503815080002832,0.13039552101067134,0.6441612243652344,0.12392380633224208,0.15244959727195756,0.3215784430503845,0.07460929291093756,0.46546188848359243,0.9592170119285583,0.1959875384948932,0.11450381577014923,0.11450381577014923,0.0,16,29405,2095,0.0,0.16894070012494922,0.2607221999205649,6.8125,0.001725020701996982,0.0007777367136441171,False,7117,7117,reasoning-2048-1,reasoning,0.125,uniform,False
0.09882811829447746,0.26629167795181274,0.06519591325824767,0.29010180064610075,0.7828017473220825,0.15629504803361652,0.12229873233341745,0.2836015522480011,0.0692846448761013,0.0669031466490456,0.21969468891620636,0.05113948904568644,0.07111478543707303,0.2894001007080078,0.06968183656139285,0.2111787906448756,0.6430495977401733,0.162859698192923,0.11611188994720578,0.34526801109313965,0.09681980345793477,0.04750306940903621,0.22491806745529175,0.05054562810536336,0.373588176710265,0.628553032875061,0.09222065729637674,0.4270137548446655,0.6830435991287231,0.09233299886622336,0.014656058924239395,0.046208374202251434,0.01151597664923119,0.08413811240877424,0.2649574279785156,0.06764888400342717,0.11877373652532697,0.22267195582389832,0.053415290277750944,0.3910026539649282,0.8066026568412781,0.15519916398709363,0.11492607742547989,0.11492607742547989,0.0,17,7117,2096,0.0,0.16421360010281205,0.26340459985658526,11.0,6.96248171152547e-05,2.2509486825583735e-06,False,220,220,reasoning-2048-1,reasoning,0.125,uniform,False
0.1013072061884616,0.32459694147109985,0.0717153774944636,0.2996009417942592,0.999271810054779,0.19996004063723746,0.12426599880148258,0.3446907699108124,0.07969165125397532,0.06517206120770425,0.26056864857673645,0.05156425158200781,0.0715215254375445,0.3189520239830017,0.07277627096222547,0.21874227201832191,0.5597272515296936,0.16520172150032555,0.1164074916658657,0.38596078753471375,0.1046698225854907,0.04693398975567626,0.2320510894060135,0.05032050496369945,0.35559957421251703,0.6668894290924072,0.09456471112849585,0.4005308875015804,0.7113320231437683,0.09613555245831695,0.0158556582194121,0.059712089598178864,0.014007831449219603,0.08877346558230263,0.31154805421829224,0.0843436482774476,0.1225236195272633,0.264988511800766,0.06468268545762791,0.38701549491712023,0.8157286643981934,0.1858338258865364,0.1153479516506195,0.1153479516506195,0.0,18,220,2097,0.0,0.16403669980354607,0.2718026000075042,9.875,0.00019562337547540665,7.431101948895957e-06,False,16,16,reasoning-2048-1,reasoning,0.125,uniform,False
0.10863530160193997,0.31913042068481445,0.06939407912867027,0.33027413700308117,0.9494580030441284,0.21010954028123904,0.13185985000537975,0.34535902738571167,0.07756177767015922,0.0708456626161933,0.23581698536872864,0.050265603629185286,0.07568650652787515,0.3238264322280884,0.07368402566512829,0.2214565966943545,0.6022880673408508,0.15669736299314993,0.12503300883275056,0.4009839594364166,0.1086536597994786,0.04908054030966014,0.23241277039051056,0.04959211336144084,0.361447665308203,0.6184573173522949,0.09552539453261999,0.40118551946112085,0.6535871028900146,0.09562902141151298,0.02061441633018798,0.05522790551185608,0.016718786356510678,0.11661041634423393,0.30664318799972534,0.09579728718733152,0.1373230338628803,0.27985134720802307,0.06931140335903056,0.44110429127301487,0.7596443295478821,0.20487168300227246,0.1157694160938263,0.1157694160938263,0.0,19,16,2098,0.0,0.16435249987989664,0.28998810006305575,12.8125,1.3624444363813382e-05,3.1641295663575875e-06,False,15,15,reasoning-2048-1,reasoning,0.125,uniform,False
0.12323434810553278,0.3512671887874603,0.08035535235699631,0.34694741666316986,0.9917149543762207,0.2125111794910559,0.14093869046441146,0.4060620069503784,0.08454012052612267,0.07640213845297694,0.22982512414455414,0.04999275831274314,0.09274569674328502,0.3347751796245575,0.07709549680992385,0.2487221047548311,0.5358823537826538,0.15434865236281178,0.1483029489006315,0.41153013706207275,0.11145031763054422,0.056491827625515204,0.18684740364551544,0.04463665170366335,0.3817987058843885,0.61105877161026,0.1030920245326656,0.41794542968273163,0.6123265624046326,0.09881446111832703,0.03498853176591053,0.37331312894821167,0.06836182830701457,0.15803652363164084,1.3714228868484497,0.2547829904969448,0.15845716106040136,0.4487689733505249,0.09581144451402186,0.4661814442702702,1.138887643814087,0.2376877013632987,0.11619047075510025,0.11619047075510025,0.0,20,15,2099,0.0,0.16106619988568127,0.27595100016333163,10.09375,0.00017553580983076245,6.527799996547401e-05,False,10993,10993,reasoning-2048-1,reasoning,0.125,uniform,False
0.10576236853376031,0.3106952905654907,0.07180612305883204,0.3188369210277285,0.7443056702613831,0.17335618742816575,0.12482146639376879,0.33042728900909424,0.07393412412730693,0.06996625681806888,0.24499619007110596,0.05324826200256336,0.08015809525802199,0.25024402141571045,0.07072070350004837,0.23644862829574517,0.6175049543380737,0.16756018448383656,0.12984723251845157,0.3729656934738159,0.10578308785159458,0.05131448489347739,0.18342462182044983,0.04646374444812235,0.3803208975919655,0.6263598203659058,0.09383172562865744,0.4309187148298536,0.6690517663955688,0.09729890152583058,0.022861955165613575,0.09601442515850067,0.021561059661710295,0.13058179829801833,0.5035238265991211,0.12246016015793376,0.13394896380071128,0.28750452399253845,0.06859183672457243,0.455457261630467,0.8867764472961426,0.2088963913067018,0.11661113798618317,0.11661113798618317,0.0,21,10993,2100,0.0,0.16453050007112324,0.2670080999378115,4.390625,0.007930520921945572,0.0001614700595382601,False,624,624,reasoning-2048-1,reasoning,0.125,uniform,False
0.06134947928200875,0.2855376601219177,0.06121335643545952,0.20143000142914907,0.7421525716781616,0.17032193003708368,0.0698972440856908,0.3093210458755493,0.06542310071441433,0.043395240092650056,0.19652363657951355,0.04393508942108561,0.04215670757860478,0.21801728010177612,0.05401635564416176,0.13769702995861216,0.6351817846298218,0.16968878696374554,0.06497670777025633,0.38075488805770874,0.08337287975965019,0.027289539841668948,0.1392776072025299,0.03479161995690709,0.3499328973037856,0.6020821928977966,0.09258769550136024,0.42749487289360594,0.6926759481430054,0.09915595364071281,0.010573954235171965,0.05044495686888695,0.011531486630427676,0.07077014872006007,0.2841908931732178,0.0834214678981229,0.08186903635838202,0.18686936795711517,0.049138824136765874,0.32534999919256996,0.7832702994346619,0.2177335376208792,0.11703140288591385,0.11703140288591385,0.0,22,624,2101,0.0,0.16828160011209548,0.25982989999465644,9.734375,7.650377665413544e-05,1.1779873148043407e-06,False,18,18,reasoning-2048-1,reasoning,0.125,uniform,False
0.05222561100630888,0.17085504531860352,0.048190995825675084,0.18748130117143905,0.7524995803833008,0.1617158814241113,0.059316034229206185,0.20670324563980103,0.05305927262923382,0.03845769661711529,0.11844722181558609,0.036799090781306984,0.029349998354778757,0.12235655635595322,0.03860236690072704,0.10650915191841445,0.5822957158088684,0.1429008548622277,0.04923078861819314,0.28571587800979614,0.06477487357602735,0.020031337788428312,0.08686718344688416,0.026601726092998445,0.34638781419822146,0.5705816149711609,0.08290945977093081,0.43095733651093077,0.6524258255958557,0.09087710805814259,0.007990864642904074,0.03141682967543602,0.008387625193304379,0.05435896984168461,0.22457075119018555,0.06307921223768351,0.06905289915656405,0.1639634668827057,0.04565881295015113,0.2897835195596729,0.8157150149345398,0.20936677009305815,0.1174512580037117,0.1174512580037117,0.0,23,18,2102,0.0,0.16522490000352263,0.26488679996691644,12.3125,1.647310273256153e-05,2.4411752974629053e-07,False,13,13,reasoning-2048-1,reasoning,0.125,uniform,False
0.04566804713769151,0.13777843117713928,0.03782786954114758,0.16928992101124354,0.6351003646850586,0.16303770209898447,0.05134433118759522,0.16323396563529968,0.042027089751123965,0.027914012541129653,0.08588898181915283,0.02317000575659699,0.0220898530512516,0.20410001277923584,0.042353605388542416,0.0732174158828067,0.4017055928707123,0.11048584710595637,0.0325271338224411,0.21836349368095398,0.05176690296189574,0.014194042098616981,0.15721768140792847,0.030408276446311125,0.29765283316373825,0.5091428756713867,0.0888500161850821,0.37055255632315365,0.726731538772583,0.11232689432551057,0.005765245091294803,0.02123846672475338,0.006315863887747167,0.03665206049169813,0.10815578699111938,0.0387920537124351,0.06544369136515472,0.15295609831809998,0.04213603436587364,0.24413297564855643,0.5775523781776428,0.15084259553666335,0.12472527886607818,0.20000000298023224,0.04547844453420987,0,8304,2079,23.698529799934477,0.16113329981453717,0.23246999992989004,0.234375,0.08496247231960297,0.012280156835913658,True,14319,220,reasoning-2048-1,reasoning,0.125,pyramid,False
0.04924373524928732,0.383670449256897,0.07472870296789831,0.1758730092218944,0.9081941843032837,0.21358708847071398,0.0544468334244032,0.384980708360672,0.07650807671919227,0.022007928520906717,0.11379791796207428,0.024590925880959284,0.029487609703210182,0.38040292263031006,0.07278327788440729,0.08985499951190182,0.648271918296814,0.15459005667988707,0.04304270031778807,0.5004339218139648,0.09599232231005234,0.016954620468563268,0.21367275714874268,0.04080136599456756,0.2586830559053591,0.5280988216400146,0.09505419963603173,0.32918098249605726,0.7012710571289062,0.11642826040997746,0.010468446014783694,0.06128134950995445,0.016318734963932578,0.07676788951669421,0.5466686487197876,0.14238001403169326,0.07086977013386786,0.36962267756462097,0.0720824305297689,0.280048371758312,0.9722171425819397,0.2528835435714578,0.11196540375905377,0.1850072145462036,0.04532369669768495,1,14319,2080,0.0,0.1601053001359105,0.23722060001455247,4.96875,0.003496058750897646,0.002113660564646125,False,29208,29208,reasoning-2048-1,reasoning,0.125,pyramid,False
0.0595731509716383,0.4101616144180298,0.07923811247895471,0.18585442006587982,0.6440305709838867,0.17188896548435206,0.06781246563020561,0.40618500113487244,0.07908741863327466,0.030773934242980822,0.11160340905189514,0.02906850163796585,0.029388069229233742,0.3765961527824402,0.07049188389738642,0.09922339042116489,0.6716295480728149,0.154957913348914,0.04132742463843897,0.4240209758281708,0.07997312853002923,0.018114589248268333,0.23574946820735931,0.04412815793404367,0.3032157389181001,0.5199868679046631,0.09240749333846345,0.38647826441696714,0.7511374950408936,0.12606104514089075,0.012839094972150633,0.1175287589430809,0.024044874228446686,0.07324487609522683,0.483928382396698,0.11748550156877477,0.08353693320948098,0.4407162368297577,0.08569054969369294,0.29527514042066677,0.8660599589347839,0.22666534139057767,0.11239193579448122,0.185398668050766,0.04530192767911579,2,29208,2081,0.0,0.16052070003934205,0.24242120003327727,0.46875,0.18991120159626007,0.048682671040296555,False,29985,29985,reasoning-2048-1,reasoning,0.125,pyramid,False
0.06018344815155225,0.4221232831478119,0.07971667570739843,0.18926469555922917,0.6773443222045898,0.1658353315436339,0.070101711699473,0.4241880476474762,0.07962878181835321,0.03009936663355412,0.10354498773813248,0.025993129525268676,0.03020452068553173,0.3503551483154297,0.06690801633959947,0.10327677097770252,0.5999894738197327,0.15710234955411315,0.045632748843802674,0.47355446219444275,0.09040084471255333,0.018559669753553214,0.19132199883460999,0.038227077446654635,0.30593159262623104,0.5372005701065063,0.08771031917746284,0.3875995714749609,0.6613799333572388,0.11112354746105202,0.01426326215005247,0.11928257346153259,0.02990968277121918,0.07109976879187993,0.5205684304237366,0.11475576223147566,0.08628939990220326,0.4322335124015808,0.08712442768683085,0.3014607744823609,0.8868961334228516,0.2049381366388098,0.1128180521939482,0.18578973412513733,0.04528017852183227,3,29985,2082,0.0,0.1609229000750929,0.2397865999955684,1.5,0.05138777568936348,0.0006689246511086822,False,510,510,reasoning-2048-1,reasoning,0.125,pyramid,False
0.10289965372066945,0.49869537353515625,0.11223675880129147,0.2728054417031152,0.8448290824890137,0.21651115279392102,0.11279436104398753,0.5004881024360657,0.11279412375969422,0.07055732132201749,0.4522969722747803,0.0911276477360987,0.03968208793750299,0.4697056710720062,0.08923874345724928,0.12092319011156048,0.8003010749816895,0.18103916198032335,0.05163231239254985,0.49724316596984863,0.09749222470695978,0.02982206414994185,0.4248679280281067,0.07954768729597149,0.34881288345370975,0.6542782783508301,0.11626786909593916,0.4100739061832428,0.7637683749198914,0.12773289225397663,0.021492811576795896,0.08979823440313339,0.025426036023193144,0.11522553435393743,0.7660852074623108,0.15767313356641185,0.1316313331148454,0.40753698348999023,0.10140242239402902,0.41233678561236176,1.2826497554779053,0.2805661799981825,0.11324376133935792,0.18618042767047882,0.045258449553094125,4,510,2083,0.0,0.16055059991776943,0.2356387001927942,2.703125,0.026854416355490685,0.0014079384272918105,False,16,16,reasoning-2048-1,reasoning,0.125,pyramid,False
0.09286654414609075,0.5208115577697754,0.11833864423949479,0.25556487483637674,0.8125506639480591,0.22740682857211897,0.10338888161017426,0.5217252373695374,0.11903541104136461,0.06382061366457492,0.4481092393398285,0.09284810393826323,0.04358317663510596,0.525458574295044,0.10138543524173838,0.11261401917519313,0.7636390328407288,0.1698775919567859,0.06663017453060352,0.5957478284835815,0.12031808200156635,0.031749004718481695,0.4714175760746002,0.08847024300118735,0.3096087558993271,0.6128578186035156,0.11338059978230774,0.3549789200936045,0.6637128591537476,0.11311751334542232,0.025137526543143655,0.1521441638469696,0.03698484294485302,0.11515894532203674,0.6889511346817017,0.15105605617114615,0.12725780874357692,0.44949397444725037,0.1153283379754302,0.40597955270537306,1.1243869066238403,0.27275925378987953,0.11366906190024954,0.18657073378562927,0.04523674084061036,5,16,2084,0.0,0.16138629987835884,0.2424979000352323,8.765625,0.00021179045143071562,8.797159534879029e-05,False,13,13,reasoning-2048-1,reasoning,0.125,pyramid,False
0.1381380510782557,0.5742752552032471,0.13990671980372915,0.34196182021072935,0.8625910878181458,0.24061227279844055,0.15308140514285437,0.5799812078475952,0.14258341793845367,0.09422350158066754,0.538116455078125,0.11319823607530698,0.06469058087428234,0.6057891845703125,0.11933653276870498,0.15733955118672124,0.8182070255279541,0.18907012378025112,0.08701362046745739,0.6319637298583984,0.12940199601887897,0.04629738091690732,0.5589919090270996,0.10555822930719064,0.37607043609023094,0.6545630693435669,0.1192331229365462,0.41831376190696445,0.6526880860328674,0.112274826087922,0.028345342299352132,0.12400206178426743,0.03218639284627752,0.12351298545088087,0.7799533605575562,0.1541654898499768,0.16795174138886587,0.5541884899139404,0.1356697714802438,0.4458035262567656,1.3120487928390503,0.26954530957319256,0.11409396558467831,0.18696069717407227,0.04521505929069181,6,13,2085,0.0,0.16266859997995198,0.23910350003279746,4.46875,0.009756502695381641,0.013705971650779247,False,56292,56292,reasoning-2048-1,reasoning,0.125,pyramid,False
0.18083888558404787,0.6724603176116943,0.14535430048243272,0.4761480391025543,0.9856489896774292,0.2467954597923985,0.20480563292013748,0.6717246770858765,0.14802161387639082,0.10882438923830964,0.4692872166633606,0.09805082695883693,0.10657170857302845,0.7065686583518982,0.14352306838897255,0.2524660170810031,0.8539623022079468,0.19460193750279683,0.15834385063499212,0.7820981740951538,0.1711837359736195,0.07160165935887822,0.5484097003936768,0.11027806746267454,0.39075579441019465,0.6510180830955505,0.11024647433341644,0.4069342836737633,0.6393390893936157,0.1061439985916701,0.048744881276174316,0.3156834840774536,0.06336005477095356,0.21457816660404205,1.2824530601501465,0.2634453030045625,0.2051550087385944,0.4646594524383545,0.12062158126918018,0.5593156090804509,1.0946565866470337,0.22752258867449762,0.11451844844434943,0.18735027313232422,0.04519339217405979,7,56292,2086,0.0,0.16004500002600253,0.2427703000139445,1.9218751192092896,0.06935751438140869,0.02412951923906803,False,7117,7117,reasoning-2048-1,reasoning,0.125,pyramid,False
0.18283284601888486,0.7174155116081238,0.15942225324371528,0.44057955912181307,0.8612868189811707,0.2122808036931559,0.21222522296011448,0.7239011526107788,0.16109645141962234,0.1133117965821709,0.5642491579055786,0.11682484141470428,0.10659970555986677,0.7319016456604004,0.14870526243315502,0.2659526426744248,0.8846582770347595,0.20480333893776112,0.15545343754014798,0.7898532152175903,0.16582514780375515,0.07321015485129985,0.5913318395614624,0.11884574496887292,0.4121070323245866,0.6833054423332214,0.1084658086520595,0.4331011655075209,0.6435689330101013,0.09554996883973291,0.04425044794334099,0.2307586371898651,0.05112929436988619,0.2148481777736119,1.2769876718521118,0.26831209238065296,0.20550851577094623,0.5526785850524902,0.13346110251289348,0.5622054189443588,1.3767333030700684,0.27370040227536185,0.11494252764220748,0.18773946166038513,0.045171747604500885,8,7117,2087,0.0,0.15988079993985593,0.24723009997978806,5.03125,0.006549729499965906,0.001215313677676022,False,220,220,reasoning-2048-1,reasoning,0.125,pyramid,False
0.12978363602555223,0.5749478936195374,0.11423431603953368,0.3331674869571413,0.7659938931465149,0.1799024074549184,0.1603055386138814,0.5876147747039795,0.12078170539196882,0.09187903755810112,0.44751131534576416,0.09412213733560407,0.06882967989492629,0.4607318043708801,0.08654547143736444,0.22401020396500826,0.7709084749221802,0.17885194693804393,0.11174451393474426,0.5404446125030518,0.11086933694932252,0.046898785030602345,0.3382335901260376,0.06529039260064363,0.36702243611216545,0.6448834538459778,0.09454356947636829,0.40596987094197956,0.7345751523971558,0.10222645547970538,0.029754698116448708,0.1022959053516388,0.026829604821606436,0.13941530457564763,0.4923311471939087,0.12191070789690894,0.16878521282758033,0.43868112564086914,0.10546626013333574,0.4813128143016781,0.9430257678031921,0.23115209954528468,0.11536620557308197,0.1881282925605774,0.04515012388929185,9,220,2088,0.0,0.1623939999844879,0.2442346999887377,7.765625,0.0006307063158601522,0.00021398939134087414,False,16,16,reasoning-2048-1,reasoning,0.125,pyramid,False
0.13743715161191566,0.604916512966156,0.11476658047148562,0.356979991708483,0.8619927763938904,0.19502010827718275,0.17600156476588122,0.6230403184890747,0.12067421429146946,0.08767322520725429,0.4177038073539734,0.08154038314846387,0.08806311483827553,0.6254521608352661,0.11710263730086518,0.23733012118775929,0.8481513261795044,0.177142997224002,0.14126100670546293,0.7156950235366821,0.13978435574954906,0.05674349781059261,0.4585515260696411,0.08548794420452721,0.3712147963898523,0.6053063273429871,0.09940612316831636,0.3992012068629265,0.6498419642448425,0.10290436399110625,0.036593078095133284,0.11750148981809616,0.03129682974272858,0.18608684412070683,0.47928059101104736,0.15516624139003454,0.18397623686386005,0.48818033933639526,0.10789057008680078,0.5439588677670274,1.0936429500579834,0.25489241812282976,0.11578947159328631,0.1885167509317398,0.04512851976453298,10,16,2089,0.0,0.1610393999144435,0.24352650018408895,6.796875,0.0008639338193461299,0.000110003755253274,False,19,19,reasoning-2048-1,reasoning,0.125,pyramid,False
0.17048761541289942,0.6509093046188354,0.13350139356005836,0.437090875846999,0.9920583367347717,0.2254636876979672,0.21281566670430557,0.6393417119979858,0.13748813497542595,0.0964498823242528,0.39775940775871277,0.07922529039346633,0.12158873668938343,0.7326935529708862,0.14575617175788522,0.286336652535413,0.8450460433959961,0.19420253400004986,0.19157686796305434,0.8238471746444702,0.17346594417003008,0.07672779978851654,0.514890193939209,0.10362016963611885,0.4029454674039568,0.6050472259521484,0.09682648056169547,0.4285529170717512,0.6362673044204712,0.09531273680908077,0.044749510902745114,0.3025979995727539,0.055769677036353944,0.23070439057690756,1.3296095132827759,0.2631277746622617,0.19667813487883126,0.41224950551986694,0.09945149066636375,0.574350865823882,1.1378545761108398,0.25437769011713096,0.11621234259967293,0.18890483677387238,0.04510693916862656,11,19,2090,0.0,0.16049450007267296,0.26010029995813966,7.453125,0.002513943938538432,0.003590255742892623,False,10993,10993,reasoning-2048-1,reasoning,0.125,pyramid,False
0.1496308042800852,0.5359859466552734,0.11590239758671413,0.4062428389276777,0.7363768815994263,0.21418702410247328,0.17276885586657695,0.5246152877807617,0.11139109775378178,0.07898879506891328,0.32363495230674744,0.06613979642267434,0.1114145768141108,0.6186385154724121,0.12787301642832188,0.27627163573301267,0.7703961730003357,0.19372121200182,0.17130428452843002,0.721437394618988,0.1596346489433478,0.06570859653376308,0.37223172187805176,0.07790382825604317,0.388009175658226,0.6175782680511475,0.09247846223287115,0.4223639688321522,0.6451597213745117,0.09112125611820128,0.03570325962417493,0.10826443135738373,0.030695643288511043,0.17780360579490662,0.5659912824630737,0.14871015590548514,0.1748791420167046,0.368152379989624,0.10073545374776263,0.5203356596508196,0.9410543441772461,0.24436966686725317,0.11663479823619127,0.1892925351858139,0.045085377644068336,12,10993,2091,0.0,0.16020649997517467,0.23745690006762743,2.515625,0.056537043303251266,0.02883615531027317,False,624,624,reasoning-2048-1,reasoning,0.125,pyramid,False
0.08395668006102953,0.38290274143218994,0.08788194421384585,0.24729815338339126,0.6434367299079895,0.17866239373286452,0.09515052754431963,0.38290277123451233,0.0892581965145995,0.05659357604703733,0.38290277123451233,0.07513084881324941,0.05759379796550742,0.5066088438034058,0.09709634753586163,0.1651339207642845,0.7763324975967407,0.18474373344678752,0.08384329346673829,0.506608784198761,0.10540453542100371,0.04068536469796007,0.506608784198761,0.09305826752990198,0.3441977346582072,0.6329876780509949,0.09983528483691145,0.40955339265721186,0.747046172618866,0.10980188097080669,0.017685696293483488,0.09242872893810272,0.02084244925641597,0.09882961213588715,0.5123233795166016,0.12444691210248508,0.11021524987050466,0.3208249807357788,0.07962734947872553,0.3857754045831306,1.031126618385315,0.23150515662899354,0.11705686125372138,0.18967989087104797,0.04506383772994311,13,624,2092,0.0,0.16064479993656278,0.24108199984766543,5.890625,0.0017150172498077154,3.6241781344870105e-05,False,17,17,reasoning-2048-1,reasoning,0.125,pyramid,False
0.07056286716501095,0.4251791834831238,0.08995165832089702,0.2235292089836938,0.7447777986526489,0.19076932308458064,0.07699473355231541,0.4233235716819763,0.0905200933150309,0.048728053158681305,0.3563104271888733,0.07135497278205803,0.052096559587101056,0.553902268409729,0.11116294988985592,0.13375043261995806,0.7782374620437622,0.18542295187407215,0.07223235756724275,0.6154027581214905,0.12782411949745273,0.03655630811616512,0.49033647775650024,0.09259505917503819,0.32625528052449226,0.6079661846160889,0.09183041388102951,0.3980963405753885,0.6722657084465027,0.09475308684467204,0.010786369243370635,0.04216105863451958,0.012165098479496015,0.061870193907192776,0.28010958433151245,0.06413584712070665,0.08545281169270831,0.336542546749115,0.07597836640319197,0.3237328514722841,0.7835454344749451,0.20445465815720293,0.11747850850224495,0.190066859126091,0.045042314980031195,14,17,2093,0.0,0.15845629991963506,0.24614239996299148,11.484375,3.362921779626049e-05,2.8939746243850095e-06,False,13,13,reasoning-2048-1,reasoning,0.125,pyramid,False
0.11469539713912777,0.5705493688583374,0.11661487929137648,0.37800148129463196,0.8846557140350342,0.2548224191441077,0.12561952585487493,0.5674025416374207,0.12235746390712372,0.07116337489735867,0.4152655601501465,0.08116093735541005,0.07206299210000518,0.5865725874900818,0.1129227255174794,0.20378119521774352,0.8365940451622009,0.198621849724642,0.10953739596464272,0.6536389589309692,0.13218051395172375,0.048917145060840994,0.4685569405555725,0.08831726199980339,0.3565700724720955,0.606188952922821,0.09325919067590965,0.41474109994513647,0.6776859760284424,0.09379426942205579,0.02269242651189935,0.10718363523483276,0.0250974930399391,0.1444791214806693,0.6018878817558289,0.1849114636679651,0.12790093910215156,0.4525154232978821,0.10068781348622466,0.44278532532708986,1.264184832572937,0.2843404472668365,0.1178997652605176,0.19045346975326538,0.04502081758711288,15,13,2094,0.0,0.16272650007158518,0.23732560011558235,2.875,0.053230106830596924,3.1804451942443848,True,29405,56292,reasoning-2048-1,reasoning,0.125,pyramid,False
0.15480366259414172,0.5999976992607117,0.12174401682511118,0.41500199905463625,0.7322888374328613,0.18643664468981885,0.17433587328663894,0.6133004426956177,0.12673654702482168,0.08739490532648883,0.2950202524662018,0.06475656385199383,0.1072798357677779,0.7354523539543152,0.14616791782110294,0.2671789642024253,0.8534187078475952,0.2001088041905431,0.15613148620884335,0.7908555269241333,0.16816357745920674,0.06685133522010542,0.460735946893692,0.0934930011143177,0.3804457884814058,0.6035517454147339,0.10046749845164606,0.4060700892337731,0.6022962927818298,0.09687929871342535,0.0326096211460286,0.11938796937465668,0.030869018613514626,0.16735367051192693,0.812569797039032,0.1778721585456775,0.1694823972481702,0.37532544136047363,0.09638985898621172,0.4983336068689823,0.9831724166870117,0.22001958765486115,0.118320611571627,0.19083969295024872,0.04499933677159738,16,29405,2095,0.0,0.18184299999848008,0.24200400011613965,5.5,0.0036664875224232674,0.002090997062623501,False,7117,7117,reasoning-2048-1,reasoning,0.125,pyramid,False
0.11729100426392895,0.5758849382400513,0.11294633675566554,0.3089161813259125,0.7822651267051697,0.18039125687265462,0.1450847630788173,0.5777493715286255,0.11355121125908081,0.07597089003372405,0.4512118697166443,0.08677978452788998,0.08074717095587403,0.5956600904464722,0.11405898769405,0.227665299815791,0.7846209406852722,0.1896715952910295,0.12460572578545127,0.6614892482757568,0.1307105500263451,0.05306045397550666,0.42384177446365356,0.08158381830603822,0.3756993530052049,0.6313948035240173,0.09347506312816643,0.4268795581800597,0.6997426748275757,0.09523214995106392,0.020495626408124475,0.10026465356349945,0.025044744579585967,0.10915879479476384,0.7284509539604187,0.144510240393076,0.132689441022064,0.4203534722328186,0.09295629851443084,0.4113807481314455,1.403175711631775,0.2589827670849951,0.1187410531565547,0.1912255585193634,0.044977874982290625,17,7117,2096,0.0,0.15961680002510548,0.24302569986321032,10.578125,0.00012164039071649313,1.4658116924692877e-05,False,220,220,reasoning-2048-1,reasoning,0.125,pyramid,False
0.11794092928591583,0.596656322479248,0.11435666534814648,0.3206089011260441,0.9992255568504333,0.2222776098155308,0.14556054501528187,0.5961841344833374,0.11866310662749116,0.07733864816171783,0.511565089225769,0.094998662175416,0.07782895868045411,0.5410417318344116,0.10255325752078241,0.23383213885660684,0.7446703910827637,0.18606120098173132,0.11894257258557316,0.5894232988357544,0.11704841063401045,0.05246552409620823,0.4669084846973419,0.08632052112231493,0.35681705442922457,0.6641272306442261,0.09424737348111752,0.39936633833817076,0.7542290687561035,0.10163244883445717,0.021084016488332833,0.11416911333799362,0.025232481700601727,0.10182847082614899,0.4944095015525818,0.11306079318169851,0.1375345507237528,0.44895458221435547,0.09932979881812622,0.4058705499129636,0.902820885181427,0.22607831126860672,0.1191611077104296,0.19161106646060944,0.04495644033297942,18,220,2097,0.0,0.16256760014221072,0.24006609991192818,9.96875,0.00013107658014632761,6.629582640016451e-05,False,16,16,reasoning-2048-1,reasoning,0.125,pyramid,False
0.12365389761648007,0.5739073753356934,0.10572143453770305,0.33576656026499613,0.7659287452697754,0.18499301068313492,0.1539302537151213,0.5844109058380127,0.11164772453904145,0.07255957708028811,0.29893597960472107,0.05894076604541154,0.08187197850617979,0.5590856671333313,0.10338934802891346,0.2342995761095413,0.820953369140625,0.17287743025141272,0.1267212127235585,0.6037384867668152,0.118446239619385,0.05223178909259981,0.4084175229072571,0.07463231298005078,0.3615246665264879,0.6248247623443604,0.0958912777054922,0.39895019201295717,0.7030953764915466,0.09977543885784268,0.027147223403777128,0.13348504900932312,0.028359958321169686,0.14268337403024947,0.5544577240943909,0.12832543564819573,0.15329424351719872,0.5007244348526001,0.10165209888044557,0.4783506159271513,1.0447633266448975,0.2440907105583623,0.11958075314760208,0.19199618697166443,0.04493502138085464,19,16,2098,0.0,0.16078159981407225,0.2532422998920083,13.09375,1.0948144335998222e-05,7.56812278268626e-06,False,15,15,reasoning-2048-1,reasoning,0.125,pyramid,False
0.1275781884989036,0.48133787512779236,0.09609392748890112,0.34524270466395784,0.7911152243614197,0.18377214307701323,0.1482554222457111,0.48635104298591614,0.10145020919987768,0.07556613857325699,0.347103476524353,0.0657805823794462,0.10605960878144417,0.5591808557510376,0.11405419228302885,0.26326310115733315,0.7230720520019531,0.18009116565388902,0.1593802919877427,0.6067348718643188,0.13223478747488682,0.0669451883295551,0.41619881987571716,0.08263005909022718,0.37246282185826984,0.5641111135482788,0.0917709358098702,0.4030384559716497,0.5861611366271973,0.08688883457073204,0.03260543739140433,0.26940667629241943,0.04982578065113977,0.16710232836859568,1.3742080926895142,0.25644597732420993,0.15811812618215168,0.4080669581890106,0.09629777993874328,0.4844951141359551,1.1396440267562866,0.2604598833454043,0.11999999505600759,0.19238094985485077,0.044913620676286146,20,15,2099,0.0,0.1615931000560522,0.23523090011440217,11.53125,4.610315227182582e-05,3.3800271921791136e-05,False,10993,10993,reasoning-2048-1,reasoning,0.125,pyramid,False
0.10981545890016216,0.4853747487068176,0.09805523967658199,0.313852642263685,0.7123678922653198,0.18201370232731173,0.12507581770686166,0.49109503626823425,0.096805482060534,0.06667558376544289,0.34320324659347534,0.06656745195735651,0.09462188879427101,0.523583173751831,0.11326288559417691,0.24606922082602978,0.7066519260406494,0.18226652365501403,0.14264489583937184,0.5752934217453003,0.13447161111898664,0.061438397537650805,0.41078975796699524,0.08417818495804195,0.371372858860663,0.6119275093078613,0.09069372812863023,0.4205936331834112,0.6254466772079468,0.09445061307203995,0.02414345372069095,0.10671111196279526,0.025707763484128118,0.124788299202919,0.592835009098053,0.12647307138163477,0.13507893881095306,0.36099380254745483,0.08909375970579975,0.43861247625734123,0.9171671271324158,0.22065410927516216,0.12041885019945246,0.19276535511016846,0.044892246502332735,21,10993,2100,0.0,0.15990830003283918,0.25160900014452636,6.71875,0.002443070290610194,0.00018785172142088413,False,624,624,reasoning-2048-1,reasoning,0.125,pyramid,False
0.06771011344556298,0.26638340950012207,0.07088837067060191,0.21552738334451402,0.6447248458862305,0.17099813671345174,0.0751636699507279,0.2710812985897064,0.07207604337893359,0.04171929631515273,0.19294854998588562,0.04333359924468175,0.04681681935575658,0.28467339277267456,0.06457720952610145,0.14184471209799604,0.5670256018638611,0.16039542834620188,0.0698768812331504,0.3031079173088074,0.08143002342964713,0.028555500743095763,0.20361098647117615,0.04259431773953923,0.34651131449001177,0.5907381772994995,0.09109219383788528,0.4285810132111822,0.7535144090652466,0.10635823257064565,0.010926532864167322,0.05279920622706413,0.012240798429354218,0.06439301158700671,0.2824467420578003,0.07139534168392975,0.0861305382235774,0.2447393536567688,0.06178159769232686,0.31880366296640467,0.802402138710022,0.19214535858619466,0.12083729928625482,0.1931493878364563,0.0448708891653329,22,624,2101,0.0,0.1644676998257637,0.25191499991342425,9.375,9.629111445974559e-05,8.319819244206883e-06,False,18,18,reasoning-2048-1,reasoning,0.125,pyramid,False
0.058783877275085876,0.30779141187667847,0.06628238936403252,0.19882723689079285,0.6577776670455933,0.1673903171757945,0.06492869970056095,0.3046264052391052,0.06819971328700143,0.03909374200572659,0.22739164531230927,0.047272276113087375,0.037902889207803776,0.31486549973487854,0.06791463516851656,0.11449475627991237,0.6479884386062622,0.15621203393172625,0.05599072839166703,0.3507605791091919,0.08202263576696123,0.025893075088138824,0.2588835060596466,0.05260312641215444,0.3431771732866764,0.558999240398407,0.08150516063321042,0.4306696887527193,0.6845384836196899,0.09589469515619241,0.00941723900281691,0.0359005406498909,0.0110438347321993,0.06190931584153857,0.24996459484100342,0.07737410564600757,0.07402253540099732,0.2481043040752411,0.06060095539030871,0.29718074215842144,0.8513684272766113,0.2225615705439316,0.12125534803739615,0.1935330480337143,0.04484955242313207,23,18,2102,0.0,0.1604933999478817,0.245989799965173,12.3125,1.5488047210965306e-05,2.7948493652729667e-07,False,13,13,reasoning-2048-1,reasoning,0.125,pyramid,False
0.04897693815707628,0.24856063723564148,0.05870515494653495,0.16327436694077083,0.8314659595489502,0.2015097047284038,0.053965478969205706,0.2681192457675934,0.06138136615761387,0.03562518427913476,0.18745258450508118,0.0438471231201516,0.023957652182226803,0.23547488451004028,0.0515440575207598,0.07988863725248459,0.6613608002662659,0.16025613375324974,0.03263123572105542,0.26805946230888367,0.05969479931905127,0.015386775919198823,0.14190441370010376,0.03327061219956745,0.29695081657596994,0.5091902017593384,0.08981067353193585,0.3634971369590078,0.5879097580909729,0.09981628649842002,0.006722091654020395,0.03138809651136398,0.009254461061168973,0.04527224600315094,0.24271249771118164,0.06677444877757993,0.06949252811526614,0.2690764367580414,0.06071758828055881,0.254596220595496,0.9666604399681091,0.22272957201286744,0.12472527886607818,0.20000000298023224,0.04547844453420987,0,8304,2079,23.60329579981044,0.16515569994226098,0.25090899993665516,0.140625,0.08377806842327118,0.004686344414949417,True,14319,220,reasoning-2048-1,reasoning,0.125,inv_pyramid,False
0.0431141765688413,0.35116443037986755,0.06950110780064396,0.1467848973614829,0.8954159021377563,0.19775611686336464,0.052242037474310825,0.3978748619556427,0.07945679953567374,0.03564024093793705,0.3046987056732178,0.0625497839666416,0.02859667835062802,0.2668917179107666,0.06251800151974406,0.09397760500516077,0.7997902631759644,0.18565786701311354,0.04141212391030941,0.3347935378551483,0.08109430229207781,0.02157252209352529,0.2106136530637741,0.04994349939953426,0.25765372599874226,0.5416958332061768,0.09599098483667609,0.32014391145535875,0.586778998374939,0.1051983779159857,0.009400230946214703,0.10805223882198334,0.02140839407121971,0.059753475444657464,0.46146172285079956,0.11134500788919853,0.06675723763847989,0.4206998348236084,0.08312747011198066,0.27132068002330406,1.3670612573623657,0.2888694887263273,0.11196540375905377,0.1850072145462036,0.04532369669768495,1,14319,2080,0.0,0.16420409991405904,0.25306950020603836,5.25,0.002773398533463478,0.0009941775351762772,False,29208,29208,reasoning-2048-1,reasoning,0.125,inv_pyramid,False
0.04794409810399104,0.3041185438632965,0.05794483259196184,0.16775204879896982,0.8642613887786865,0.1806834522590553,0.05579589626618794,0.3140537142753601,0.06007951445862254,0.03686790072658498,0.2676277160644531,0.05400668968619876,0.026810993616111643,0.24345581233501434,0.05145187931448212,0.10146756318031944,0.8109495639801025,0.17449811366354787,0.03664434985382416,0.25959259271621704,0.0551940907103495,0.019929878073266342,0.196171373128891,0.043637770261197,0.30140349960752894,0.5201576352119446,0.09306677549338917,0.37593333210263935,0.6096315383911133,0.10181955366938893,0.008788773306670399,0.07821127772331238,0.015770915488434,0.05958159055028643,0.41085284948349,0.09451877837184675,0.07249104863564883,0.36969101428985596,0.07169369051958362,0.29478580930403303,1.338441252708435,0.2810469912155098,0.11239193579448122,0.185398668050766,0.04530192767911579,2,29208,2081,0.0,0.16394919995218515,0.2856397000141442,0.546875,0.19120998680591583,0.044984955340623856,False,29985,29985,reasoning-2048-1,reasoning,0.125,inv_pyramid,False
0.050493737998684604,0.3101518750190735,0.06530910781223999,0.18414075672626495,0.8747789263725281,0.1991580438972298,0.060141818365082145,0.3182063102722168,0.06652384367050244,0.040439563121513596,0.2752082347869873,0.06274164789661615,0.028856534515008598,0.25265809893608093,0.05988326322464749,0.10695351046576564,0.8128243684768677,0.19551969191968271,0.04063139206014706,0.25265809893608093,0.06367164895947791,0.023267238567184125,0.25265809893608093,0.05512600565405552,0.3031493366828987,0.554539680480957,0.08945053134087395,0.3781719920890672,0.6237450838088989,0.10090034721305093,0.010405646514430242,0.09438714385032654,0.01965811359210111,0.0746959639447076,0.5180701017379761,0.1277177248795517,0.07668604907978858,0.3975589871406555,0.07892344019307945,0.31924798006990124,1.3188055753707886,0.2975554968028814,0.1128180521939482,0.18578973412513733,0.045280178521832276,3,29985,2082,0.0,0.1647739999461919,0.274916100082919,1.53125,0.05109689384698868,0.0005663569318130612,False,510,510,reasoning-2048-1,reasoning,0.125,inv_pyramid,False
0.07874940488753575,0.2970671057701111,0.07100739905803838,0.22960164078644343,0.8814817667007446,0.2056598050193815,0.09103919239714742,0.31877031922340393,0.0766665443305161,0.055733039476243515,0.2582801282405853,0.05990251655575296,0.035747848043683916,0.3832278251647949,0.07763162089637983,0.11153945682703384,0.8183701038360596,0.19899131059910177,0.047906336723826826,0.43346506357192993,0.09172094717157417,0.026854564061587944,0.33103084564208984,0.06678000648312168,0.3460705652832985,0.6359819769859314,0.11249632849734852,0.4136923242892538,0.6813755035400391,0.11110123888425365,0.015270381066199792,0.0933041125535965,0.02126939122473471,0.09426642954349518,0.533940315246582,0.13332829266013452,0.10982147251654949,0.2725541591644287,0.06329801998493938,0.38923410033541067,1.2019332647323608,0.2733094286038488,0.11324376133935792,0.18618042767047882,0.04525844955309411,4,510,2083,0.0,0.16411789995618165,0.27938409987837076,3.265625,0.019936714321374893,0.00483965827152133,False,16,16,reasoning-2048-1,reasoning,0.125,inv_pyramid,False
0.07899924404253918,0.31919535994529724,0.08308066540236747,0.2385577836206981,0.9919638633728027,0.23579344165735278,0.09237472021153995,0.3385842442512512,0.08847980871101434,0.05517429538303986,0.28221771121025085,0.06614309079604597,0.038168474445618425,0.30013373494148254,0.06898615380409105,0.10958322604918587,0.8235293626785278,0.19144064962964302,0.06120345511174362,0.4908338785171509,0.10459106879147159,0.026310394584600414,0.23841255903244019,0.05406610505732826,0.31003408825823237,0.6123051643371582,0.11225956582680624,0.3649859694497926,0.6308023929595947,0.10946135620421497,0.013575649510520245,0.06370047479867935,0.015163579771387478,0.07600833475589752,0.38676220178604126,0.09309407947789936,0.1055514518437641,0.2833426296710968,0.06762471666115107,0.3614295532128641,1.3441810607910156,0.24861083135232667,0.11366906190024954,0.18657073378562927,0.04523674084061036,5,16,2084,0.0,0.16378180007450283,0.28246979997493327,8.734375,0.00022975062893237919,4.342033207649365e-05,False,13,13,reasoning-2048-1,reasoning,0.125,inv_pyramid,False
0.116870221881462,0.34158533811569214,0.09302499307684166,0.3064685996089663,0.9329031705856323,0.215755533501699,0.13505502677123463,0.36228102445602417,0.09929560919915223,0.08096055234117168,0.30161547660827637,0.06722264544003083,0.0593693265940861,0.3743133544921875,0.08511816200270501,0.15777361961746855,0.7120400071144104,0.18180848711853015,0.08827349970982011,0.5403591394424438,0.1195735827696582,0.037785333660264896,0.2724676728248596,0.05766771358872813,0.38034250693661825,0.6554779410362244,0.11907279686864808,0.4341345269765173,0.6409448385238647,0.106674354293682,0.020480071784861918,0.07950955629348755,0.018598777069871966,0.10200938156672887,0.42090773582458496,0.09999322521037361,0.1474589705467224,0.3108850419521332,0.0766808097126728,0.44359730104250567,1.2127264738082886,0.22252252378824317,0.11409396558467831,0.18696069717407227,0.04521505929069182,6,13,2085,0.0,0.1602057998534292,0.2578956000506878,3.421875,0.02208879590034485,0.0015462753362953663,False,56292,56292,reasoning-2048-1,reasoning,0.125,inv_pyramid,False
0.14652910509279796,0.33487457036972046,0.08190193944143277,0.42426660656929016,0.9861154556274414,0.2165871724769726,0.16667780014021055,0.35336774587631226,0.08473748209291723,0.08984518726356328,0.2927698493003845,0.06309660000751253,0.09311889913598341,0.4760984778404236,0.10462221424183485,0.23846070654690266,0.7810519933700562,0.18787569399585058,0.13772700700376714,0.6117959022521973,0.1403045034429174,0.06338753363317144,0.41978776454925537,0.08705518276836548,0.3862511712525572,0.6348690390586853,0.10807450199994753,0.417711829500539,0.6568354964256287,0.10725369164852776,0.03764299852108317,0.30967697501182556,0.0574853452380304,0.18463840442044394,1.2878559827804565,0.2491754898805648,0.18508971349469253,0.42009493708610535,0.07811508119214913,0.5609869488648006,1.1225085258483887,0.22765217532434529,0.11451844844434943,0.18735027313232422,0.04519339217405979,7,56292,2086,0.0,0.17794149997644126,0.2631969000212848,2.078125,0.0628657415509224,0.02673322521150112,False,7117,7117,reasoning-2048-1,reasoning,0.125,inv_pyramid,False
0.1577138046600989,0.3468140959739685,0.07792784102155284,0.4577857724257878,0.9710556864738464,0.19805269267204836,0.18500555772334337,0.3617953658103943,0.07952171162039039,0.09876799357256719,0.3401370942592621,0.07111004356526872,0.0915490477678499,0.3481717109680176,0.08585313907283149,0.2561249320528337,0.8118695020675659,0.1982688599619547,0.13750118762254715,0.39666473865509033,0.10564308009152844,0.05960020210061755,0.2783535420894623,0.06613026451526585,0.41079497284122873,0.6577481031417847,0.10330138672446937,0.4412475398608616,0.6397985816001892,0.09963909046184904,0.046690008037590554,0.3411030173301697,0.06470379470954707,0.2457268557378224,1.336594820022583,0.30521295483195504,0.2009790451931102,0.4535515308380127,0.09063674481926251,0.588724462049348,1.2767328023910522,0.24083676176925986,0.11494252764220748,0.18773946166038513,0.04517174760450089,8,7117,2087,0.0,0.1672933001536876,0.3000709000043571,4.734375,0.010851705446839333,0.002021433087065816,False,220,220,reasoning-2048-1,reasoning,0.125,inv_pyramid,False
0.12035631428339652,0.3488481044769287,0.07397044483211772,0.34263603602136883,0.8527857661247253,0.19334103149609783,0.14855423556374653,0.3705921769142151,0.08094147281750645,0.07234439842535981,0.25686371326446533,0.05514895246847384,0.06938083676089134,0.3596765995025635,0.0772399755380194,0.21534482243337802,0.8163836002349854,0.1938136586562987,0.12071818263003868,0.6907850503921509,0.13145560611516993,0.0445405287734632,0.28421750664711,0.058008663108168185,0.36781025358608793,0.6280245184898376,0.09272261152248819,0.4113274397594588,0.6809512972831726,0.09529891926791206,0.02350917670576434,0.05929591879248619,0.016155354911212776,0.12510820371764048,0.42349934577941895,0.09663100688628,0.15591291444642202,0.28009694814682007,0.061783362187373306,0.48896040820649694,0.9114589691162109,0.192515443642705,0.11536620557308197,0.1881282925605774,0.04515012388929185,9,220,2088,0.0,0.16856179991737008,0.26782900001853704,6.65625,0.0021052078809589148,2.127084371750243e-05,False,16,16,reasoning-2048-1,reasoning,0.125,inv_pyramid,False
0.1254421836430473,0.2962337136268616,0.07034951176523493,0.34706646629742216,0.897646963596344,0.18649143451030958,0.16109053843787738,0.3564307689666748,0.0776630439187118,0.07972615584731102,0.2687802314758301,0.05824262675646047,0.08095137369153756,0.3241214454174042,0.07882099703429872,0.23046999371477536,0.8433587551116943,0.19503389563732035,0.14078072870948485,0.6084343194961548,0.12817364640616827,0.05223208459626351,0.27085739374160767,0.058452181178939945,0.37221474040831837,0.603181004524231,0.09867718751461431,0.4086655170789787,0.6435705423355103,0.1045226557374551,0.03327812107246635,0.12648846209049225,0.030375355390113667,0.18522135487624578,1.0762768983840942,0.20702054957336136,0.17704795460615838,0.3827793002128601,0.07874322213155038,0.5554948481065887,1.1578176021575928,0.23081313949264096,0.11578947159328631,0.1885167509317398,0.04512851976453297,10,16,2089,0.0,0.1658312000799924,0.26029479992575943,6.859375,0.001048597856424749,0.00014268554514274,False,19,19,reasoning-2048-1,reasoning,0.125,inv_pyramid,False
0.14776763832196593,0.3004917502403259,0.07099007386025154,0.41558615224702017,0.9901020526885986,0.21352370661765538,0.1897493592862572,0.42185860872268677,0.08623873312324173,0.09210770756804518,0.2632867395877838,0.05548949384386524,0.10819562418120247,0.32662302255630493,0.09088835046171759,0.28251888416707516,0.8233470320701599,0.1942138467741995,0.18481836960251843,0.639596700668335,0.15022276216510425,0.06638425618543156,0.270233690738678,0.06308657610728516,0.40341976497854504,0.5919872522354126,0.09484985139474503,0.4349141078335898,0.6174124479293823,0.09350312052432709,0.04340259428967589,0.30336397886276245,0.05539635099398233,0.21685055324009486,1.3289519548416138,0.262365133662704,0.19880169869533607,0.40204566717147827,0.08335192683178563,0.5853018169956548,1.1041219234466553,0.24648713439858858,0.11621234259967293,0.18890483677387238,0.04510693916862656,11,19,2090,0.0,0.16668489994481206,0.28800100018270314,6.140625,0.003298533149063587,0.0014473762130364776,False,10993,10993,reasoning-2048-1,reasoning,0.125,inv_pyramid,False
0.14131383917161397,0.35930657386779785,0.08124152366731102,0.41784580264772686,0.9738664627075195,0.2252484785451225,0.16402883867600135,0.36751681566238403,0.08054669994895215,0.08669544403840389,0.27658265829086304,0.05818683807160207,0.10401905125140079,0.3363950252532959,0.08950900215187099,0.27641653196354,0.8243674635887146,0.2141394490434341,0.1588204228651843,0.5382542610168457,0.1252548292690706,0.06756218023864287,0.29478976130485535,0.06853805791921688,0.39316474965640474,0.6136618256568909,0.09436237029905584,0.4294403727565493,0.6489574909210205,0.09268129624023007,0.03222107719297388,0.113819919526577,0.02650399683590994,0.17952617790017808,0.6028465032577515,0.15653663676312293,0.17408659229321138,0.3622821271419525,0.07473111175818385,0.5317014104553631,1.0871233940124512,0.22945911428113897,0.11663479823619127,0.1892925351858139,0.045085377644068336,12,10993,2091,0.0,0.17064919997937977,0.27576839993707836,2.390625,0.0558658167719841,0.01909542828798294,False,624,624,reasoning-2048-1,reasoning,0.125,inv_pyramid,False
0.08511654590256512,0.449595183134079,0.08949533211506092,0.254276305437088,0.9952229261398315,0.2083469907778239,0.09851566273053843,0.47283050417900085,0.0931119166651874,0.061625564321210344,0.3673153817653656,0.07446762272750007,0.05994387152272144,0.4355548024177551,0.09031634825775871,0.1706873487148966,0.8866636753082275,0.2156506284186349,0.09524761188575732,0.7180868983268738,0.13875528667556244,0.042551372033943026,0.34727942943573,0.07126768473079356,0.3523381006504808,0.6301804780960083,0.09977775431827166,0.4164709970355034,0.6547393798828125,0.10391104516949032,0.019997901294638205,0.10533538460731506,0.02440740659725641,0.13396483659744263,0.5947545766830444,0.17369265220890776,0.11579325828435165,0.2715706527233124,0.0674842081189517,0.4536775759022151,1.3316035270690918,0.3184098407972531,0.11705686125372138,0.18967989087104797,0.045063837729943115,13,624,2092,0.0,0.16572809987701476,0.2881907999981195,5.71875,0.0020612715743482113,0.0006075358251109719,False,17,17,reasoning-2048-1,reasoning,0.125,inv_pyramid,False
0.06520961028789836,0.28257596492767334,0.06988274966083015,0.22585958881037577,0.9909252524375916,0.22574630458701506,0.07348786557226308,0.2847786545753479,0.07319495787799332,0.04587951433911387,0.23708227276802063,0.05272883322184969,0.04704598870011978,0.3373672366142273,0.07935659579336739,0.13241611494283592,0.7868671417236328,0.1969790181595536,0.07347666408168152,0.5995702743530273,0.12534786325843617,0.03081586849085787,0.27572664618492126,0.05820239311835809,0.32916716539434027,0.6193943023681641,0.09262499300968177,0.4024778295840536,0.6326085329055786,0.0882649310555224,0.009069476726446217,0.030137836933135986,0.007853773688474763,0.05927235313824245,0.27331459522247314,0.05930829962569078,0.0813393183385155,0.20235690474510193,0.05227571677814873,0.33364209925223676,1.2805334329605103,0.23364430542637205,0.11747850850224495,0.190066859126091,0.045042314980031195,14,17,2093,0.0,0.1676113000139594,0.27430259995162487,11.359375,4.3609776184894145e-05,1.747089982018224e-06,False,13,13,reasoning-2048-1,reasoning,0.125,inv_pyramid,False
0.08841621802587595,0.3286629915237427,0.07429768383785737,0.3079926605735506,0.9376941919326782,0.23130363743453627,0.10072692197614483,0.3484521210193634,0.08023174797425153,0.061809098813682795,0.2878636121749878,0.05967319871774664,0.07145227915940008,0.4535398483276367,0.09633931778944572,0.20215628635404365,0.7231969833374023,0.19525146115453954,0.10996802794813577,0.6630871891975403,0.13432610552455546,0.045272455924922336,0.3174542784690857,0.06563195796353542,0.35771115496754646,0.6232035160064697,0.09347095007578875,0.4219392548714365,0.6301932334899902,0.08884582785934252,0.014409674793049427,0.06243818625807762,0.014203485420788347,0.09870049996035439,0.5883826613426208,0.12425207378166828,0.10776640601190073,0.22666144371032715,0.058366460301733744,0.41137638688087463,1.1045230627059937,0.24884477683298967,0.1178997652605176,0.19045346975326538,0.04502081758711288,15,13,2094,0.0,0.16400370001792908,0.27223549992777407,4.015625,0.014103126712143421,0.0010842261835932732,False,29405,29405,reasoning-2048-1,reasoning,0.125,inv_pyramid,False
0.11923106467085225,0.30791112780570984,0.07137974522513035,0.3692884125879833,0.886156439781189,0.19929086372071383,0.1344342761273895,0.32491788268089294,0.07302415858820123,0.0787917034135067,0.2659662961959839,0.05627486147680971,0.09495042783341237,0.3407561182975769,0.09536176482515435,0.25347149478537695,0.7481864094734192,0.20506160511135185,0.13820142172543065,0.40158867835998535,0.12493445405742983,0.06275901517697743,0.3144131302833557,0.07327709455674658,0.37113760145647184,0.5734314322471619,0.09580721079814884,0.4120905266276428,0.6369200348854065,0.09656666014367374,0.02500744621335928,0.11937936395406723,0.02845566590968267,0.13267038123948233,0.632620096206665,0.1474193078703456,0.15058905884091342,0.36117443442344666,0.08049588369998129,0.46718035265803337,1.2554540634155273,0.24356582703353444,0.118320611571627,0.19083969295024872,0.044999336771597384,16,29405,2095,0.0,0.16492290003225207,0.2620097999460995,6.84375,0.0016217670636251569,0.0007680968847125769,False,7117,7117,reasoning-2048-1,reasoning,0.125,inv_pyramid,False
0.10478615654366356,0.34958547353744507,0.07248311113266548,0.31187567327703747,0.890034556388855,0.20030776659192007,0.1237795905742262,0.3554410934448242,0.07479646261044486,0.07066314434632659,0.3147757649421692,0.06129424040359515,0.08597532666421362,0.4120902717113495,0.09669513774326145,0.23119955104110496,0.8024572730064392,0.20841450140641407,0.13236655916885606,0.5308685898780823,0.12407046815534684,0.05492569600963699,0.3076527714729309,0.06908473289757668,0.3746931664645672,0.6280762553215027,0.09298351418063809,0.4268298074603081,0.6543300151824951,0.09003927233188494,0.019015391664912125,0.12825649976730347,0.023492759240251505,0.11094227858952113,0.636327862739563,0.1255398603582533,0.12895165450338805,0.38999247550964355,0.06810310715010795,0.43679393774696756,1.2646986246109009,0.2196233853037905,0.1187410531565547,0.1912255585193634,0.044977874982290625,17,7117,2096,0.0,0.16568899992853403,0.28352319984696805,11.171875,6.616924656555057e-05,1.3584453881776426e-06,False,220,220,reasoning-2048-1,reasoning,0.125,inv_pyramid,False
0.10132742580026388,0.3538047969341278,0.07597353933907532,0.29225215102945057,0.9999226331710815,0.20599679727174686,0.11998863471671939,0.3594855070114136,0.07877353369791251,0.06854006468451448,0.2862585186958313,0.06065074170075309,0.0807492952694052,0.35871225595474243,0.08568843396529725,0.23080731589081033,0.8359934687614441,0.20152964332149906,0.13133299028101778,0.71601802110672,0.14152680857322203,0.05228444422495419,0.2999553084373474,0.06417416542475264,0.35526265842573984,0.6625186204910278,0.0946129299136699,0.40397812106779646,0.6906466484069824,0.09369485363038786,0.01434078044673827,0.046542298048734665,0.011465908614436393,0.07926782752786364,0.25010502338409424,0.0686137965603111,0.12084856063925795,0.22852766513824463,0.0541449038299336,0.38179969654551577,0.8631462454795837,0.18019751834839895,0.1191611077104296,0.19161106646060944,0.04495644033297943,18,220,2097,0.0,0.16541600017808378,0.270221000071615,9.4375,0.00030049742781557143,1.2356123988865875e-05,False,16,16,reasoning-2048-1,reasoning,0.125,inv_pyramid,False
0.10785331347558115,0.2861946225166321,0.06796687367204582,0.32972939738205503,0.9580634832382202,0.20926476130998514,0.12728017422237567,0.29597365856170654,0.07311893261738958,0.07216027911220278,0.24685010313987732,0.05645043349680104,0.08674332828793142,0.3510516583919525,0.0886797132066847,0.23455929849296808,0.8038355708122253,0.19694232177204404,0.14022008559134388,0.6641249656677246,0.14040531182378155,0.05632464674168399,0.29770010709762573,0.06523973577354933,0.36303722698773655,0.6136841177940369,0.09446890983445634,0.4057775352682386,0.6308390498161316,0.09494599686738449,0.020994576151549284,0.06079147383570671,0.017392641185247634,0.1224416047334671,0.386524498462677,0.103823514397178,0.14102005333240544,0.27134567499160767,0.06501609271969709,0.46891953849366735,1.1845420598983765,0.22174112523585454,0.11958075314760208,0.19199618697166443,0.04493502138085464,19,16,2098,0.0,0.16352010006085038,0.25624730018898845,12.71875,1.686051837168634e-05,3.766205281863222e-06,False,15,15,reasoning-2048-1,reasoning,0.125,inv_pyramid,False
0.12069446653393763,0.31436678767204285,0.07586798338367465,0.3429548123053142,0.9884995818138123,0.2147721646037828,0.13881964569113084,0.3599296510219574,0.07881138571044563,0.0789691475885255,0.22683636844158173,0.0554242045407128,0.10173247930859881,0.34782108664512634,0.08967951345372988,0.2655263583042792,0.8229988813400269,0.19912118285062178,0.15847671856837614,0.6282210350036621,0.13912642854799526,0.06484511601073402,0.2784413993358612,0.06344352968650836,0.3804653286933899,0.6051800847053528,0.10087068954340271,0.4203137031623295,0.6299712061882019,0.09844615988830442,0.03483428515651862,0.3541967570781708,0.06464882607766666,0.16608394256659917,1.3718899488449097,0.26137904657308136,0.16119491927591817,0.44311028718948364,0.09174726708408136,0.4831514528819493,1.1164941787719727,0.2563615172821027,0.11999999505600759,0.19238094985485077,0.04491362067628615,20,15,2099,0.0,0.16492360015399754,0.2707450999878347,10.46875,0.00014764659863431007,4.499650822253898e-05,False,10993,10993,reasoning-2048-1,reasoning,0.125,inv_pyramid,False
0.09907696575724653,0.3159804344177246,0.06958059171761832,0.31114761744226727,0.8425875902175903,0.19082765309576208,0.11517104785889387,0.31925588846206665,0.07095100413956872,0.06850336295818645,0.30374497175216675,0.06016527025150068,0.09219468940448548,0.5133524537086487,0.10775859461718225,0.2474401867283242,0.853631854057312,0.2148302403567721,0.13663584269982362,0.6536563038825989,0.14014252189300533,0.06140235024005441,0.40825971961021423,0.08419844800123799,0.37454018741846085,0.5981191396713257,0.09112055343080293,0.4300027628030096,0.6556909680366516,0.09379342921529579,0.021017004997702315,0.12091770023107529,0.025397189217198916,0.1292071853365217,0.6226418018341064,0.14743363878675178,0.1289526312611997,0.32170727849006653,0.06868846778911905,0.4513283893465996,1.0610631704330444,0.22242485464547396,0.12041885019945246,0.19276535511016846,0.044892246502332735,21,10993,2100,0.0,0.16563270008191466,0.2692603999748826,4.65625,0.0062409015372395515,0.00019750979845412076,False,624,624,reasoning-2048-1,reasoning,0.125,inv_pyramid,False
0.06796961134698774,0.4017668664455414,0.08048091491439985,0.21159398981503078,0.8891849517822266,0.19837561672814444,0.07829153105350477,0.45415714383125305,0.08847849940879149,0.049679008345784884,0.31312695145606995,0.0657880120440124,0.05461402783112135,0.4586354196071625,0.09212589551763517,0.15874834862604206,0.8890784382820129,0.22046644161505843,0.08495928012832467,0.7697875499725342,0.14591803518850152,0.036840553285271326,0.32395604252815247,0.06640284345972959,0.35331633261271883,0.6023337841033936,0.09366623832270257,0.4290552703397615,0.6539475917816162,0.09737798334345554,0.0148933641669698,0.07377970218658447,0.019771751341230517,0.11078566099916186,0.6273440718650818,0.17023300423555915,0.09256568517802018,0.2599923014640808,0.06426903493427126,0.387712653194155,1.3826390504837036,0.3419849606727664,0.12083729928625482,0.1931493878364563,0.0448708891653329,22,624,2101,0.0,0.16739509999752045,0.26411599991843104,9.65625,7.749900396447629e-05,1.010995561046002e-06,False,18,18,reasoning-2048-1,reasoning,0.125,inv_pyramid,False
0.05455707575726722,0.23847484588623047,0.056214738925889296,0.19438295704977854,0.8584118485450745,0.19497469012350196,0.061915839257250936,0.27464792132377625,0.06258950550283106,0.03956671168063102,0.2017940878868103,0.046035658381140133,0.040319187009507526,0.36053264141082764,0.07536048855877375,0.12431996042973228,0.8455321788787842,0.19813516836410253,0.06152322224806994,0.543588399887085,0.10818007085605567,0.02788329054809375,0.29338857531547546,0.059603730083725395,0.3470766826399735,0.5669184923171997,0.08214035120210476,0.4326445960572788,0.6182708144187927,0.08595830020190506,0.008079778360817207,0.02980850636959076,0.008488305360215541,0.0553367052759443,0.24075239896774292,0.06383949331337115,0.07181451892081116,0.21639105677604675,0.048628132166870786,0.3035843900537917,1.2539381980895996,0.2479439284250516,0.12125534803739615,0.1935330480337143,0.04484955242313208,23,18,2102,0.0,0.1698290000203997,0.2684807002078742,12.140625,1.8426382666802965e-05,9.750010576681234e-08,False,13,13,reasoning-2048-1,reasoning,0.125,inv_pyramid,False
0.06758474588527211,0.2510795295238495,0.05671524692218333,0.22564481624535151,0.8318194150924683,0.22074055661875855,0.07417784045849528,0.27193212509155273,0.06057259215823361,0.04982622222243143,0.1885766237974167,0.046408892708697046,0.03430553995089473,0.18109571933746338,0.0497758919720681,0.11547608738432505,0.6622036695480347,0.15556351623943473,0.04599407697345929,0.2326771318912506,0.0628080176153756,0.02334277053471721,0.11937403678894043,0.03474512822702857,0.3004291227885655,0.5123434066772461,0.09057319468139004,0.3979219576077802,0.6931062936782837,0.11222460650914078,0.012349899450782686,0.0514812096953392,0.014057069335642885,0.08050119025366646,0.3365412950515747,0.09860392707062202,0.09995503277916994,0.27352696657180786,0.06361367057030315,0.36018037849238943,0.9780845046043396,0.2434760346613483,0.061538465321063995,0.061538465321063995,0.0,0,8304,2079,24.200857399962842,0.1612074999138713,0.25887489994056523,0.203125,0.08479521423578262,0.009705840609967709,True,14319,220,reasoning-2048-1,reasoning,0.0625,uniform,False
0.06463842769153416,0.35157522559165955,0.06861011666349899,0.23754609482628958,0.9271085262298584,0.23071699676551535,0.0751531736459583,0.39799821376800537,0.07799398803129001,0.045499495164092095,0.30479156970977783,0.05774883526553211,0.044807414894291596,0.2640687823295593,0.0653171138372932,0.14825936865859798,0.7987531423568726,0.18625466670034793,0.05842925695053834,0.33240723609924316,0.07883290946396977,0.03297433146092642,0.21073223650455475,0.05327023220505597,0.2564430659902947,0.5427336692810059,0.09651439456570658,0.35295007324644495,0.7155221700668335,0.12194602784766102,0.01993990096525522,0.10751184076070786,0.02518953299760121,0.15039830335548945,0.6954047679901123,0.1977438514365374,0.10744573754657592,0.4092327058315277,0.08149117687895016,0.45990684495440554,1.3507989645004272,0.35105189280929344,0.0466122068464756,0.0466122068464756,0.0,1,14319,2080,0.0,0.16126720001921058,0.24454819993115962,5.09375,0.003144784364849329,0.0020356338936835527,False,29208,29208,reasoning-2048-1,reasoning,0.0625,uniform,False
0.0798313768713602,0.30341771245002747,0.06010316246198876,0.29230894786970957,0.8641127347946167,0.19878096572713538,0.09029006279472794,0.31365278363227844,0.060414910750695786,0.0562661099413942,0.2667803168296814,0.050133674956385654,0.043537614696625884,0.24167945981025696,0.05987806807658045,0.15640852700120636,0.8117908239364624,0.1773185815224346,0.06065588617015497,0.2579186260700226,0.06922721864956748,0.032158118834818845,0.19418957829475403,0.047863062955737896,0.3014378531702927,0.5169058442115784,0.09257584272148164,0.4148856880409377,0.7337989807128906,0.12456909792155565,0.021901405827520648,0.14922581613063812,0.03089690570647507,0.14791774324008397,1.0144990682601929,0.21038491869442658,0.12269642629793712,0.3589107394218445,0.07521822373982803,0.46500083844044376,1.3009213209152222,0.28100982960887555,0.04707012698054314,0.04707012698054314,0.0,2,29208,2081,0.0,0.16620499989949167,0.25005270005203784,0.015625,0.1933198869228363,0.06841883063316345,False,29985,29985,reasoning-2048-1,reasoning,0.0625,uniform,False
0.08243299468553492,0.30656343698501587,0.06372745415299437,0.2895175388881138,0.8748230338096619,0.2178024506036053,0.09365757275372744,0.3150651454925537,0.06332179849691838,0.06024568682603006,0.2714659571647644,0.05436486750872032,0.04601148112643776,0.21946239471435547,0.06122943794839519,0.1632403573353908,0.8117086291313171,0.1973055336866483,0.06516794291591006,0.2326662838459015,0.07423618588099247,0.03389851626291472,0.17377588152885437,0.04760913864831875,0.30424061524016516,0.5522540211677551,0.08914984446008065,0.416232739176069,0.6694391965866089,0.11631771161420679,0.021884703913071592,0.1315283626317978,0.0302888002224946,0.12755481473037175,0.5457677841186523,0.1544256716726704,0.1260615086315998,0.38380688428878784,0.07748846387399072,0.46408132783004213,1.2799923419952393,0.2819304787016193,0.047527603805065155,0.047527603805065155,0.0,3,29985,2082,0.0,0.15969319990836084,0.2488720000255853,1.5,0.06013137102127075,0.00733996881172061,False,510,510,reasoning-2048-1,reasoning,0.0625,uniform,False
0.1465852865949273,0.46688389778137207,0.1182815480494398,0.3815206566027233,0.8746097087860107,0.251802476234023,0.1602954144722649,0.47770488262176514,0.12378986874532982,0.1114243291917124,0.35892218351364136,0.09202046877858258,0.05785787910489099,0.3934505879878998,0.08795602835537343,0.17614232755399176,0.757068932056427,0.20711088148889012,0.07855867835626539,0.45263272523880005,0.10822345115805693,0.04138143407180905,0.2722401022911072,0.06190923800379857,0.35491553587572916,0.6623367071151733,0.12247827243789018,0.44263235692467007,0.753196120262146,0.12542577512210973,0.03939506211983306,0.1073513850569725,0.03275344993549348,0.21316662217889512,0.7740281820297241,0.20226645986381303,0.1954355722825442,0.38892459869384766,0.10377580192315952,0.5952578639345509,1.273628830909729,0.30396175509653806,0.04798464477062225,0.04798464477062225,0.0,4,510,2083,0.0,0.1622874999884516,0.24874549987725914,3.15625,0.021293697878718376,0.007494633086025715,False,16,16,reasoning-2048-1,reasoning,0.0625,uniform,False
0.14128314264650857,0.5350418090820312,0.13813019261487577,0.36855042406490873,0.9354898929595947,0.26503150643569595,0.15530412404664926,0.5450534820556641,0.13920551329771763,0.10577536304481328,0.41654545068740845,0.10099735525502318,0.06902995935109045,0.49347639083862305,0.10269172918812271,0.18572240728618844,0.7123892307281494,0.19999216077122628,0.10464094506876011,0.5801728963851929,0.13949468582902505,0.04680795191753922,0.3185635507106781,0.06853389856287019,0.32437834250075476,0.6346443295478821,0.1212707966578214,0.3892768807709217,0.6681811213493347,0.11510029032516653,0.042665850678791424,0.19385430216789246,0.04920375896958296,0.19273931639535086,0.8025424480438232,0.1952975507046843,0.19417638557830028,0.5080735683441162,0.12748517105903306,0.579984753791775,1.322637915611267,0.2825867813645025,0.04844124615192413,0.04844124615192413,0.0,5,16,2084,0.0,0.16181479999795556,0.2544752999674529,8.296875,0.0003382756549399346,7.509650458814576e-05,False,13,13,reasoning-2048-1,reasoning,0.0625,uniform,False
0.24285571749455162,0.6297996640205383,0.1676912897541576,0.562979764172009,0.9328501224517822,0.25845808108452517,0.2617573901744826,0.6680186986923218,0.1749552182981664,0.16060323943383992,0.49643513560295105,0.12083435459384748,0.12468903747919415,0.5879043340682983,0.12878763145879898,0.29523231953914675,0.7819079756736755,0.21064005633762226,0.17551362880372576,0.6776987910270691,0.1616860684666562,0.08150999510793813,0.44881123304367065,0.09533888521221913,0.39818253527794567,0.6890424489974976,0.12792442888859532,0.4397738182118961,0.6263936758041382,0.10983687460393622,0.07404817989611599,0.1742526739835739,0.05027489121257162,0.3135930001735687,0.9717103838920593,0.2129780345862359,0.300327993663294,0.7179673910140991,0.15560185639365834,0.7623677825821298,1.2631152868270874,0.2903971319699823,0.04889741167426109,0.04889741167426109,0.0,6,13,2085,0.0,0.16387099982239306,0.2502748998813331,2.921875,0.022868404164910316,0.016437619924545288,False,56292,56292,reasoning-2048-1,reasoning,0.0625,uniform,False
0.27856063776250395,0.6209427714347839,0.1528239106618975,0.6339042995657239,0.9905837774276733,0.2137064317563215,0.30805001061941895,0.6298962235450745,0.1570837350848595,0.1725065277756325,0.41776424646377563,0.09664334015625099,0.18800986032666905,0.6341973543167114,0.14972301024080972,0.41577313946826117,0.7923982739448547,0.2041734280388727,0.26300461856382235,0.7247884273529053,0.1894357568461837,0.12494372370253716,0.42554041743278503,0.10724543727796687,0.4075054707271712,0.674182653427124,0.1162267061978671,0.41352989843913485,0.6683146357536316,0.10939841077130652,0.09308560598375541,0.37160003185272217,0.07410800736476844,0.3850839116743633,1.3126583099365234,0.27461977247794733,0.3294691645673343,0.6160417795181274,0.12395507025984945,0.8106195245470319,1.1458770036697388,0.19562506942214422,0.049353137612342834,0.049353137612342834,0.0,7,56292,2086,0.0,0.1815194000955671,0.24243660015054047,2.21875,0.10416696220636368,0.16231432557106018,False,7117,7117,reasoning-2048-1,reasoning,0.0625,uniform,False
0.29619430245033335,0.646795392036438,0.13985927686831845,0.679579632622855,0.954083263874054,0.15637467424053325,0.3282954533185278,0.6593970060348511,0.14661648353870316,0.185904058228646,0.41141512989997864,0.0829244006148237,0.18906071183404752,0.6191455721855164,0.13882245774592739,0.4388177256499018,0.8173699378967285,0.20492370712738733,0.2652413279616407,0.7245423197746277,0.16948819872180587,0.12026279153568405,0.4209851622581482,0.09380103383116577,0.4296862759760448,0.6861512064933777,0.11095142161619054,0.43703131058386396,0.6749789118766785,0.1006038638228853,0.11242539256012865,0.5083068609237671,0.0910206738807354,0.4916347584554127,1.3286969661712646,0.3185501220245194,0.3518877455166408,0.6956796050071716,0.1240022353262208,0.8880620055965015,1.442965030670166,0.24349271901672112,0.049808427691459656,0.049808427691459656,0.0,8,7117,2087,0.0,0.16141499998047948,0.2468516998924315,5.421875,0.010374865494668484,0.004233201500028372,False,220,220,reasoning-2048-1,reasoning,0.0625,uniform,False
0.2234040176762002,0.5278213024139404,0.12327518348155457,0.5450857302972248,0.8947140574455261,0.2277957096217125,0.256868555609669,0.5686852335929871,0.12958158895903737,0.14181448359574592,0.3529932200908661,0.07565214461809672,0.16007837200803415,0.5326576232910156,0.117355756125917,0.40304119805140154,0.73301100730896,0.20091438763663902,0.24364530561225756,0.6265888214111328,0.16293461199182402,0.10176829980420214,0.41727757453918457,0.0819086651360593,0.3783581352659634,0.6726016998291016,0.10184113574206817,0.4012949434774263,0.6969276666641235,0.10416223506594506,0.08884808823599347,0.42141443490982056,0.08761107619653477,0.3757212438753673,1.176106572151184,0.29347773537178984,0.3008480024124895,0.6599413156509399,0.13935285399218927,0.7826629046882901,1.3884408473968506,0.24184795207793958,0.050263285636901855,0.050263285636901855,0.0,9,220,2088,0.0,0.1648985999636352,0.2453567001502961,6.109375,0.0039086793549358845,0.0027642161585390568,False,16,16,reasoning-2048-1,reasoning,0.0625,uniform,False
0.23071002441325358,0.5309945940971375,0.11964673965742169,0.5439573590244565,0.8990912437438965,0.21553179389529079,0.27149084449878763,0.5578065514564514,0.12681448153204594,0.14557234623602458,0.3499000668525696,0.08091780276858765,0.167988807096013,0.513425350189209,0.11733856781232019,0.3987350221723318,0.7832759022712708,0.2049463118606818,0.25268617179244757,0.6296079754829407,0.16639518543001455,0.10390773502045444,0.3667859435081482,0.07542695743544163,0.38892436772584915,0.6076509356498718,0.10435962841240672,0.4116158378975732,0.6568240523338318,0.1088878599084091,0.0980645054618695,0.336922824382782,0.07767660550365624,0.4499393105506897,1.202151894569397,0.28944954787948407,0.31475611376975265,0.5526081323623657,0.12925726013840477,0.8486661953585488,1.297668695449829,0.23355447402138305,0.05071770399808884,0.05071770399808884,0.0,10,16,2089,0.0,0.1630058998707682,0.2482072999700904,6.3125,0.002322121523320675,0.00032905879197642207,False,19,19,reasoning-2048-1,reasoning,0.0625,uniform,False
0.2630738557449409,0.5939855575561523,0.12510482227697706,0.6279513516596386,0.9945752620697021,0.21366601645398292,0.3058499675244093,0.5895713567733765,0.13154199447777185,0.1576866566735719,0.3727474510669708,0.07254430474871609,0.2076550298370421,0.6525715589523315,0.14310122007213588,0.4587360407624926,0.7899866700172424,0.21388339480017712,0.2977977469563484,0.7688651084899902,0.18534911176048427,0.1385882458915668,0.4245859682559967,0.09952521721591816,0.41551709068673,0.6212427616119385,0.09944190227164564,0.4338855338948114,0.6419925689697266,0.09603006292371484,0.09770601841488055,0.3783490061759949,0.07739334565063527,0.43885329578604015,1.3263144493103027,0.32693663590092176,0.32197182891624315,0.5821794271469116,0.11586110704194584,0.8388912039143699,1.4501649141311646,0.2646911509304697,0.051171690225601196,0.051171690225601196,0.0,11,19,2090,0.0,0.16199239995330572,0.23930880008265376,6.28125,0.0060502998530864716,0.0024828107561916113,False,10993,10993,reasoning-2048-1,reasoning,0.0625,uniform,False
0.27386776969901155,0.5373566746711731,0.13981911785438628,0.6469126322439739,0.9683693647384644,0.21306773523159728,0.3021718013499464,0.594359278678894,0.13864318404987105,0.1662826641196651,0.35585176944732666,0.08022973358107928,0.21861979105908955,0.5390787720680237,0.14328315407171502,0.48121908253857065,0.8363689184188843,0.2271210648160732,0.30185978952795267,0.6734558343887329,0.18394217373644248,0.14103065567490244,0.3486565351486206,0.09952233428935305,0.41842954765473095,0.649522602558136,0.1076363554664076,0.4262642541102001,0.6756972074508667,0.09930733035866703,0.1037871468413089,0.33252617716789246,0.07931307302069478,0.4580054666314806,1.4089205265045166,0.3595771189348385,0.3184990007430315,0.5718357563018799,0.1301930283328294,0.8055990529911858,1.472791314125061,0.3045103500935367,0.05162523686885834,0.05162523686885834,0.0,12,10993,2091,0.0,0.16208990011364222,0.24045019992627203,2.640625,0.05196015164256096,0.10624348372220993,False,624,624,reasoning-2048-1,reasoning,0.0625,uniform,False
0.15010057815483638,0.4860609471797943,0.1233519298263898,0.4067209703581674,0.9951061606407166,0.24355952834060388,0.16012596152722836,0.4472506642341614,0.12333848245444892,0.1083336951477187,0.3307704031467438,0.08637722592393643,0.11016089712003511,0.42434391379356384,0.11076285802715896,0.29544889753950493,0.8070815801620483,0.23107310647166143,0.15651777882262,0.6042358875274658,0.15160272069590724,0.07610830308736435,0.31762784719467163,0.07912970440053418,0.36313340972576824,0.6618338227272034,0.10598967470497035,0.4488732772214072,0.7476428747177124,0.113449085144648,0.04939395118188778,0.3596925735473633,0.06731333166843674,0.23685717369828904,1.2544339895248413,0.26720291867553425,0.19588378577360085,0.5488476753234863,0.11919201048463346,0.6090340475950923,1.2494968175888062,0.2905153757163073,0.052078358829021454,0.052078358829021454,0.0,13,624,2092,0.0,0.16163530014455318,0.24060330004431307,5.9375,0.001775264390744269,0.006185528822243214,False,17,17,reasoning-2048-1,reasoning,0.0625,uniform,False
0.11888958979398012,0.4927729070186615,0.11597630116046422,0.3713416521038328,0.9756230711936951,0.26266571006560907,0.12577757206080215,0.5068155527114868,0.119247243808999,0.08828006119334272,0.3970482349395752,0.08751716032273363,0.08718541637063026,0.5217982530593872,0.1193068341654491,0.22622381217245544,0.7852169275283813,0.23021333751356082,0.12544659363837646,0.6247803568840027,0.1624946073379636,0.06135375122539699,0.39257264137268066,0.08470122039422248,0.34133847057819366,0.6629799604415894,0.10330537238540395,0.43612189165183474,0.6887120604515076,0.09584782165308237,0.029113605633028783,0.1093708723783493,0.02808630379954498,0.15528667824608938,0.4724063277244568,0.12875474876067894,0.1498052241679813,0.43852514028549194,0.10446191239677445,0.5336266149367604,1.297073245048523,0.2950703141105519,0.05253104120492935,0.05253104120492935,0.0,14,17,2093,0.0,0.1609570998698473,0.25449089985340834,11.53125,4.6387714974116534e-05,2.3051255993777886e-05,False,13,13,reasoning-2048-1,reasoning,0.0625,uniform,False
0.175252522275384,0.5601010322570801,0.14121175154379897,0.4818575701543263,0.9376941919326782,0.25655216367850037,0.18974798531936748,0.5962748527526855,0.14727012263333428,0.1081923849415034,0.3056151866912842,0.0770707031401894,0.13061286706943065,0.485697478055954,0.11651104010633716,0.3469370232362832,0.7296903133392334,0.22467987521549562,0.19116119242140225,0.6229946613311768,0.1613986740824287,0.08203340824028212,0.29259738326072693,0.07440029099168972,0.3657007983752659,0.6347309947013855,0.09630856168741145,0.4375073452080999,0.6488837599754333,0.09306421640874593,0.039918513727440895,0.1348717361688614,0.032919012789680666,0.2034479613815035,0.7337570190429688,0.16907421324846586,0.19808508828282356,0.5135635733604431,0.11881005632846885,0.6068683099001646,1.265127182006836,0.2679619823765384,0.05298329517245293,0.05298329517245293,0.0,15,13,2094,0.0,0.1663605000358075,0.2437551999464631,1.25,0.1265459805727005,1.017611026763916,True,29405,56292,reasoning-2048-1,reasoning,0.0625,uniform,False
0.22513460381222622,0.6040669679641724,0.14416870398055825,0.5400192013808659,0.9695858359336853,0.2326407769118646,0.2486835014341133,0.6155746579170227,0.14581936760688619,0.14181824660460865,0.35566645860671997,0.08135494427241922,0.17147001238273724,0.6202652454376221,0.148664068648087,0.3892856775117772,0.8106957077980042,0.24032431096120188,0.23996116779744625,0.7248493432998657,0.18304660395867603,0.11272286969636168,0.3722626268863678,0.0975333440673087,0.3854520714708737,0.6034507751464844,0.1029942064921625,0.42217857603515896,0.6375179290771484,0.1041859311742107,0.06600758298632822,0.2077038735151291,0.057141302448937316,0.31901074945926666,1.0229434967041016,0.2691760362974652,0.25194045821470873,0.46707844734191895,0.12056391278753652,0.674560212929334,1.256774663925171,0.2732695808427356,0.05343511328101158,0.05343511328101158,0.0,16,29405,2095,0.0,0.1625025998800993,0.2506874999962747,4.171875,0.010623344220221043,0.004069486632943153,False,7117,7117,reasoning-2048-1,reasoning,0.0625,uniform,False
0.20848295944077627,0.5499228239059448,0.12407186648152141,0.5244975771222796,0.8881141543388367,0.2137319958920518,0.23578056400375708,0.5503114461898804,0.12683621005553827,0.12444409116038255,0.3333606719970703,0.08025540595770597,0.15785399012799775,0.566327691078186,0.13309136314802247,0.3775735047778913,0.807288408279419,0.21804178989977416,0.23258657394243137,0.6631900668144226,0.1633406763492492,0.09656109813866871,0.3426145911216736,0.08472006189251821,0.38790038440908703,0.6570091247558594,0.09930804749209317,0.4430541896394321,0.6798681616783142,0.09586433577195393,0.054207466542720795,0.17180949449539185,0.041231471450342144,0.25970278893198284,0.8795942068099976,0.20850407169800353,0.23454198108187743,0.4390139579772949,0.10247706742360228,0.6661897780639785,1.4261173009872437,0.27044898898923503,0.05388650298118591,0.05388650298118591,0.0,17,7117,2096,0.0,0.18328560004010797,0.24210899998433888,9.0,0.0005427759024314582,0.00015621533384546638,False,220,220,reasoning-2048-1,reasoning,0.0625,uniform,False
0.19214045981477415,0.5968502759933472,0.1374085406145861,0.47416092242513386,0.9999215602874756,0.23474217809847125,0.22799668999921,0.6076734066009521,0.14503775919987608,0.12521352120009915,0.39956793189048767,0.09459744267700441,0.15990385473040597,0.6310747265815735,0.14051850540624716,0.4010231216837253,0.8304046392440796,0.22865720754893465,0.23932729375415615,0.7103889584541321,0.18226621622853117,0.10320199350826442,0.443229615688324,0.09602751435460359,0.37178089416452814,0.7095259428024292,0.10314803309992708,0.41597965998309,0.7335132360458374,0.10114451848215655,0.047840104795925854,0.14163479208946228,0.03599338504156778,0.262148916721344,0.8294744491577148,0.20405799052331383,0.22035923986030476,0.47985029220581055,0.10649587305525073,0.6636357557560716,1.123849868774414,0.24901195060286788,0.05433746427297592,0.05433746427297592,0.0,18,220,2097,0.0,0.16473970003426075,0.25491759995929897,7.40625,0.0007648972095921636,0.008280902169644833,False,16,16,reasoning-2048-1,reasoning,0.0625,uniform,False
0.2040945986684944,0.5645533800125122,0.1266029186345158,0.5376449120896203,0.9504201412200928,0.24579254117519755,0.23750562500208616,0.5885757207870483,0.13705189685057312,0.13214818251851415,0.3554266095161438,0.07529543744893646,0.15649525947602733,0.5346645712852478,0.12473127307447429,0.38385876826941967,0.7698726654052734,0.2183959554556999,0.2271542800590396,0.6277920007705688,0.16612553280061618,0.10185183714410025,0.33317816257476807,0.08348437605094665,0.3796538125191416,0.5845159292221069,0.09522549096355636,0.4244734538452966,0.6650087833404541,0.09418658644046156,0.055464960160731734,0.12400904297828674,0.04155997114476953,0.2710948373590197,0.6676115989685059,0.18252064934603787,0.2392720492290599,0.4584228992462158,0.11241616709399023,0.6947495852197919,1.1915137767791748,0.26092172942438147,0.05478799343109131,0.05478799343109131,0.0,19,16,2098,0.0,0.1690470001194626,0.2500982000492513,9.640625,0.00012819467519875616,8.499028626829386e-05,False,15,15,reasoning-2048-1,reasoning,0.0625,uniform,False
0.2030882075695055,0.549893856048584,0.12280722192581117,0.4854952756847654,0.9875645637512207,0.21718517940044052,0.2259140033274889,0.5799734592437744,0.12531355874129255,0.14127627420904382,0.4315136969089508,0.08680409408124656,0.179475069844297,0.6074023246765137,0.13636611234022517,0.40760776826313566,0.7616503834724426,0.21659170443050887,0.24834300251677632,0.6762769222259521,0.17253073912527417,0.12002841629354018,0.43142667412757874,0.09338625525781953,0.3954808584281376,0.6223700046539307,0.10569692327668029,0.43392169369118555,0.6296082139015198,0.09636972510802001,0.065169303478407,0.38963112235069275,0.08001031684608385,0.2695180858884539,1.37681245803833,0.27658879502439787,0.25093961054725306,0.6404438018798828,0.13354861289768352,0.6664000116288662,1.1357841491699219,0.28071044540132434,0.05523809418082237,0.05523809418082237,0.0,20,15,2099,0.0,0.17023849999532104,0.24358549993485212,8.953125,0.0006451199296861887,0.00030737899942323565,False,10993,10993,reasoning-2048-1,reasoning,0.0625,uniform,False
0.18336141841220005,0.47364068031311035,0.11752711212384734,0.4788458134446825,0.8619185090065002,0.2031453077499086,0.19894324322896345,0.4822891652584076,0.1146985046813218,0.1165550642513803,0.314578115940094,0.07269166167094773,0.16051195774759566,0.478739470243454,0.12862592817141755,0.3852797837129661,0.7995293140411377,0.23295510125651817,0.2237344907064523,0.5792783498764038,0.16678868496829666,0.0966404488509787,0.29419177770614624,0.07267696025338984,0.3890096571828638,0.6358234882354736,0.09958498289723973,0.45099503972700666,0.6792547702789307,0.10228629775386074,0.05867103091441095,0.1847933530807495,0.045879533060114656,0.30896938911506105,1.145745873451233,0.28088968642066287,0.2258374190756253,0.4185516834259033,0.10455946300272344,0.687816247344017,1.3078429698944092,0.2913461619741506,0.05568777024745941,0.05568777024745941,0.0,21,10993,2100,0.0,0.16171599994413555,0.24552719993516803,3.921875,0.015235246159136295,0.002079383470118046,False,624,624,reasoning-2048-1,reasoning,0.0625,uniform,False
0.11449306385059442,0.37108445167541504,0.10061591212974935,0.341832167335919,0.8594759702682495,0.22438606424413324,0.12164142834288734,0.41044414043426514,0.1010417697137385,0.08308210719509848,0.2645905017852783,0.0708859001444973,0.09269394151799913,0.3610106408596039,0.10207017654038077,0.25654603886817184,0.8060932755470276,0.23700028470767392,0.13152927832145775,0.6529222130775452,0.14562775575828452,0.06267450206879792,0.2187434732913971,0.06814323978614008,0.36683867446013857,0.6371197700500488,0.10026578802250384,0.4774932265281677,0.7671777009963989,0.11123829654173951,0.03227562259832796,0.14967142045497894,0.03480548083961353,0.19440179211752756,0.7465747594833374,0.2039197671978334,0.15066421617354667,0.38066884875297546,0.09534114657520848,0.5511036406138113,1.3100545406341553,0.32369201172186646,0.05613701418042183,0.05613701418042183,0.0,22,624,2101,0.0,0.16474759997799993,0.30602900008670986,8.59375,0.00034019799204543233,7.339441071962938e-05,False,18,18,reasoning-2048-1,reasoning,0.0625,uniform,False
0.10513700149022043,0.41104793548583984,0.09920788255211584,0.346545330115727,0.8576642870903015,0.23763815657533927,0.11171366693452,0.4228561818599701,0.10504423759143804,0.0782133612582194,0.30172502994537354,0.07253179848650003,0.07491055872690465,0.3683122992515564,0.09324275217332463,0.21981111827439495,0.7450867891311646,0.22251401550873076,0.10903970894703109,0.49700531363487244,0.13007161112319018,0.0504732974721784,0.24384622275829315,0.0601827146228348,0.36039931007793974,0.6375261545181274,0.09575939090088485,0.4740804380604199,0.7032192945480347,0.09874990339277888,0.028367692682617678,0.10902430862188339,0.029946091238330738,0.17305908032826015,0.5955531597137451,0.18179866693144126,0.1349770703818649,0.3933737277984619,0.09421087347134101,0.524388152839882,1.2651649713516235,0.31825675157612576,0.056585829704999924,0.056585829704999924,0.0,23,18,2102,0.0,0.16556139988824725,0.24948370014317334,10.703125,7.508823182433844e-05,3.332904043418239e-06,False,13,13,reasoning-2048-1,reasoning,0.0625,uniform,False
0.10664342629856297,0.5205445289611816,0.11888462149713003,0.30395328998565674,0.9269706606864929,0.28550689615524777,0.11391006127398993,0.5205445289611816,0.11817283650631345,0.09558261797896453,0.5205445289611816,0.11928867463106259,0.04462827872235461,0.3629361093044281,0.07893031822699338,0.14004449885604636,0.7569446563720703,0.19814553612028485,0.05446106619949985,0.3629361093044281,0.08393146274745444,0.03877368573116006,0.3629361093044281,0.0773300364224625,0.3003601772444589,0.5050068497657776,0.08511550709092423,0.4024430194071361,0.7657248973846436,0.12183234096676447,0.043703507713092095,0.2845706641674042,0.07539847932386393,0.17561672627925873,0.7048958539962769,0.22704477506224438,0.15630242634298547,0.6428083181381226,0.1526380927314201,0.4561848110918488,0.9555421471595764,0.30504953649385735,0.06263736489095859,0.0923076942563057,0.02172936285005969,0,8304,2079,23.62486149999313,0.15974050015211105,0.22623030003160238,0.3125,0.06887058168649673,0.07357364892959595,True,14319,220,reasoning-2048-1,reasoning,0.0625,pyramid,False
0.14590282897864068,0.7724634408950806,0.17350817044075045,0.3706302834408624,0.8968205451965332,0.2957035951449969,0.1594412623172892,0.7724634408950806,0.16958498226226862,0.12501432761616474,0.7724634408950806,0.17655978124113667,0.08383053447219677,0.8204283714294434,0.1692751144374171,0.21759077983110078,0.9682942628860474,0.3009191650384497,0.09544860994044159,0.8204284310340881,0.16805609021082712,0.07656718249199912,0.8204284310340881,0.169617912487611,0.2602705109332289,0.5350732803344727,0.0923065172218063,0.32472452574542593,0.5907590389251709,0.12373002775720297,0.06647029697238135,0.3179324269294739,0.09732987272664655,0.2407812156847545,0.7080934047698975,0.24554784105025176,0.2110953675583005,0.8110808730125427,0.2092166752382027,0.5479934013315609,1.0360294580459595,0.3307081911262047,0.04880895246086376,0.0927438735961914,0.02314415577294722,1,14319,2080,0.0,0.16072919988073409,0.23736280016601086,0.40625,0.059758760035037994,0.9062623977661133,True,29208,12,reasoning-2048-1,reasoning,0.0625,pyramid,False
0.1785867880431137,0.7469362616539001,0.20147361938150998,0.4187409792627607,0.8682438135147095,0.28732385245256276,0.19480204535648227,0.7469363212585449,0.19737341632616837,0.15353139107381658,0.7469363212585449,0.20792235052490898,0.07585677341558039,0.7385529279708862,0.14603957586326768,0.2256345241330564,0.9397769570350647,0.2870882021376169,0.09037034700824213,0.7385529279708862,0.14405796910393467,0.06918946347598519,0.7385529279708862,0.14652603363655015,0.30419638593282017,0.5064390897750854,0.09166785306631307,0.39094805983560427,0.7056155204772949,0.1274610283421519,0.06431744030227751,0.2855678200721741,0.08452501230796597,0.25885369522230967,1.010438084602356,0.2796135205334796,0.22441369800695352,0.7657720446586609,0.20514762747127585,0.5744497535218086,1.0965527296066284,0.3267788002290713,0.04926581833777683,0.09317963570356369,0.023133040440453684,2,29208,2081,0.0,0.16041429992765188,0.23626639996655285,0.25,0.21576151251792908,0.20933875441551208,True,29985,6358,reasoning-2048-1,reasoning,0.0625,pyramid,False
0.1585955839338047,0.741624116897583,0.17093659343297582,0.4063226005860737,0.8704893589019775,0.27621199418804776,0.17110393775094832,0.741624116897583,0.16493106163955823,0.1435131883647825,0.741624116897583,0.17664569663511054,0.076987425214611,0.6996111869812012,0.1431116777264248,0.22240413914966797,0.9740623235702515,0.2901373809800502,0.0921073094775368,0.6996113061904907,0.1417614711756846,0.07096688805281051,0.6996113061904907,0.14393003402345025,0.3071944218661104,0.5454912185668945,0.08987770267908396,0.39190740989787237,0.6566684246063232,0.13095552988946826,0.0529495826132396,0.2712913453578949,0.06590360771758587,0.24397421947547368,0.7258485555648804,0.2165376637761514,0.204533695243299,0.6116263270378113,0.16685019891692507,0.598739725404552,1.1495847702026367,0.30581338598839564,0.04972224196951304,0.09361498057842255,0.023121934642232507,3,29985,2082,0.0,0.18231349997222424,0.23925669980235398,0.90625,0.07477156817913055,0.05717923492193222,False,510,510,reasoning-2048-1,reasoning,0.0625,pyramid,False
0.20872919906729034,0.8435291051864624,0.2222920369394516,0.4437586601291384,0.9306371212005615,0.32569989515026415,0.2207557619549334,0.8435291051864624,0.21882565274420207,0.1910411426464894,0.8435291051864624,0.22395192871241226,0.09221395876790796,0.8477061986923218,0.1732134718202949,0.23897332631583726,0.9631486535072327,0.3056343994870773,0.10685577652683216,0.847706139087677,0.17297881733532186,0.08592638328471887,0.847706139087677,0.1739919259435028,0.3595815327550684,0.6348309516906738,0.12218400592121995,0.41784482662166866,0.6841748952865601,0.12295822947517097,0.08400354897353932,0.40277785062789917,0.10838161876530199,0.2905617654323578,1.1429558992385864,0.3106245044978806,0.26253522214080605,0.8587489128112793,0.22300066826415957,0.6218719104571002,1.443951964378357,0.37292736133864096,0.05017822914357696,0.09404990077018738,0.02311083977369693,4,510,2083,0.0,0.1616197000257671,0.2688650998752564,2.46875,0.028187327086925507,0.035972192883491516,False,16,16,reasoning-2048-1,reasoning,0.0625,pyramid,False
0.17523444926233164,0.780332088470459,0.1976026414549206,0.39889741795403616,0.9353390336036682,0.3079967011180567,0.1837907122847225,0.780332088470459,0.19365204416635906,0.15659036334337934,0.780332088470459,0.19666566945390335,0.09494053841834622,0.8738433122634888,0.17934415631106151,0.23120418583442057,0.9859794974327087,0.2938984378797612,0.1158627191159342,0.8738433122634888,0.18082106041415344,0.08714417638423454,0.8738433122634888,0.1809542475274268,0.3256096350295203,0.6273475885391235,0.11910281901130965,0.3735967395561082,0.6176437139511108,0.11159778757748023,0.0711639206523874,0.3975061774253845,0.10120861627284121,0.25577460655144285,1.1396244764328003,0.286781676685734,0.2307631117956979,0.8580220937728882,0.20257390285169863,0.5892218239605427,1.1342542171478271,0.3284554716875634,0.05063377753166216,0.09448441118001938,0.023099755260265104,5,16,2084,0.0,0.16045309999026358,0.2579544000327587,8.15625,0.0004244521842338145,0.0001477526529924944,False,13,13,reasoning-2048-1,reasoning,0.0625,pyramid,False
0.27712438468422207,0.8548538088798523,0.23846159069004264,0.5767657565219062,0.9961166381835938,0.31678161713589487,0.28974465912740144,0.8548537492752075,0.23601239837307073,0.23258979139583452,0.8548537492752075,0.24079840236691702,0.15220942035583512,0.8967920541763306,0.20378667938486694,0.32683357523222056,0.9755146503448486,0.2753319474149812,0.18656400434805878,0.8967920541763306,0.20144893195513905,0.1333199494152463,0.8967920541763306,0.20935118633091523,0.38156932326299803,0.6093219518661499,0.10866870727216521,0.4077030893947397,0.5598937273025513,0.11524584979716206,0.1404859848054392,0.6186469793319702,0.17772640243202925,0.3970296233892441,1.1928941011428833,0.38823648624186297,0.3366761848862682,0.9170200228691101,0.2415138322592934,0.7068910722487739,1.2910312414169312,0.325797522886118,0.05108889518305659,0.09491851180791855,0.023088683255040873,6,13,2085,0.0,0.16587719996459782,0.24907930009067059,0.8125,0.45190340280532837,1.6757293939590454,False,56292,56292,reasoning-2048-1,reasoning,0.0625,pyramid,False
0.3079402497304337,0.8020696043968201,0.20991798905744885,0.667179097022329,0.989902138710022,0.26679515064785686,0.3322601970285177,0.8020695447921753,0.20807158651878427,0.23731867343719518,0.8020695447921753,0.21353704111465296,0.2157829813659191,0.9180569648742676,0.21850580525459093,0.4495723669284156,0.995764970779419,0.2577716737211266,0.2728867679834366,0.9180569648742676,0.22235739401838223,0.17848947334901563,0.9180569648742676,0.2246226664094924,0.4048527867666313,0.618567168712616,0.11144245223513341,0.39650048102651325,0.5873135924339294,0.10695674631609278,0.1399331945160936,0.43577131628990173,0.1303301710426207,0.45760263928345274,1.311525821685791,0.3438376084153992,0.36966014972754885,0.757283091545105,0.1993014535442421,0.8208382379795823,1.3546068668365479,0.2872550282778628,0.05154357038970504,0.0953521803021431,0.023077618858292258,7,56292,2086,0.0,0.16029459983110428,0.2432872001081705,0.40625,0.2075795829296112,5.512802600860596,True,7117,25,reasoning-2048-1,reasoning,0.0625,pyramid,False
0.31887364227856907,0.8324315547943115,0.20843989494521803,0.6792710593768528,0.9804350733757019,0.2189077574538586,0.3505736882133143,0.8324316143989563,0.20392997792899234,0.23933279128479107,0.8324316143989563,0.20735919933064362,0.2237242401045348,0.9308704733848572,0.22246505518654805,0.4757748545546617,0.9967375993728638,0.27215733569395806,0.2782792937941849,0.930870532989502,0.215204733016529,0.17748295539058745,0.930870532989502,0.2301465556049585,0.42706683757049696,0.6858716011047363,0.10733795246786867,0.41400356431092533,0.6590698957443237,0.10062541443837211,0.14637842180673033,0.6123939752578735,0.1406638313700559,0.5401461997202465,1.3678181171417236,0.38023889400951905,0.3727038029049124,0.8044564127922058,0.19611609088476464,0.8574703357049397,1.4644906520843506,0.3038511480116712,0.05199780947129641,0.09578543901443481,0.023066564564083836,8,7117,2087,0.0,0.16571499989368021,0.25295510003343225,5.65625,0.009586936794221401,0.01056798454374075,False,220,220,reasoning-2048-1,reasoning,0.0625,pyramid,False
0.24344608979299664,0.7151988744735718,0.16672878028556987,0.5535089309726443,0.8996362090110779,0.2521770270540235,0.27872160715716227,0.7151988744735718,0.16855787562801977,0.1853532802113997,0.7151988744735718,0.15947764808534473,0.18738621223850974,0.8645171523094177,0.19292917737345663,0.43459092346685274,0.976996898651123,0.26706538207073277,0.24718919875366346,0.8645172119140625,0.19449779756207766,0.14770573819987476,0.8645172119140625,0.19579208689300054,0.3844845135297094,0.6585981845855713,0.10260649535758866,0.38863735433135715,0.5816550254821777,0.10063870907408172,0.10489449562737718,0.4059799611568451,0.10634789811928436,0.3778784360204424,1.1565494537353516,0.3141921678761719,0.3138901926577091,0.6521497964859009,0.18519502914580385,0.7399141580930778,1.2066071033477783,0.29941384815992633,0.05245161874751959,0.0962182879447937,0.023055523927246913,9,220,2088,0.0,0.16354939993470907,0.24927589995786548,6.5625,0.0028063259087502956,0.003157489001750946,False,16,16,reasoning-2048-1,reasoning,0.0625,pyramid,False
0.25989305653742384,0.7632586359977722,0.1655145430466901,0.589963857616697,0.9701666831970215,0.2613382301852006,0.2915848017936306,0.763258695602417,0.17031754095371218,0.1956160731746682,0.763258695602417,0.16884506276453717,0.2074693042252745,0.9058080911636353,0.20440336024988187,0.44644889129059656,0.9952175617218018,0.26361909075928613,0.2677254969520228,0.9058080911636353,0.20900994503388612,0.16389158088713884,0.9058080911636353,0.20811015917675102,0.38923829953585354,0.5566128492355347,0.10115415186288543,0.39372555006827625,0.6028481721878052,0.10961095258854463,0.13736016805549817,0.4492351710796356,0.12089679085676291,0.48222621210983824,1.1320728063583374,0.3256059218660002,0.3527759893664292,0.8154947757720947,0.18976585295442888,0.8371181551899228,1.3546106815338135,0.2938075014554875,0.05290498857253364,0.09665071964263916,0.023044491587121217,10,16,2089,0.0,0.16252190014347434,0.23905569990165532,6.03125,0.005208696238696575,0.004237629473209381,False,19,19,reasoning-2048-1,reasoning,0.0625,pyramid,False
0.3086852535738477,0.8119568824768066,0.2022576969007324,0.6697470928941455,0.9917401075363159,0.277626593529917,0.3457796089351177,0.8119568228721619,0.1971294855582524,0.24551774415054492,0.8119568228721619,0.19986798590412103,0.2594413318272148,0.9502458572387695,0.22831117331565573,0.5145429053476879,0.9984196424484253,0.26785424767221594,0.3302991907777531,0.9502459764480591,0.225764626018622,0.21152303833514452,0.9502459764480591,0.23558113522399668,0.4133628968681608,0.580697774887085,0.09296845499548347,0.4203385327543531,0.6312524080276489,0.09952977004522165,0.15794559905771166,0.5024043321609497,0.142738413703798,0.5711624388183866,1.3134782314300537,0.4056139331333133,0.3834699834031718,0.8301055431365967,0.19630619340517708,0.8995613397232124,1.5971527099609375,0.33335169589604563,0.05335793105353202,0.09708274155855179,0.023033472582348564,11,19,2090,0.0,0.1635266998782754,0.2708841001149267,0.15625,0.13749635219573975,1.4076005220413208,True,10993,9618,reasoning-2048-1,reasoning,0.0625,pyramid,False
0.29451598998691353,0.7116632461547852,0.1801728166729424,0.6570170606885638,0.9760758280754089,0.24965818583627455,0.3177740898515497,0.7116632461547852,0.17499867899981297,0.2080428616276809,0.7116632461547852,0.16322660318894897,0.24396432866342366,0.9081740379333496,0.21228439562313375,0.500044462670173,0.9920854568481445,0.27658032306002034,0.3111112362572125,0.9081740975379944,0.21730032506334476,0.19070345156693033,0.9081740975379944,0.21368844687189542,0.4176054245659283,0.6603863835334778,0.1079127479322753,0.4130041556698935,0.6364982724189758,0.0956621437978846,0.11757160595152527,0.2767423391342163,0.08502906896979466,0.4812887672867094,1.0610038042068481,0.3382646941482441,0.331720320507884,0.5867702960968018,0.1653197541824047,0.8005193157919815,1.428903341293335,0.3438758798874869,0.05381043281938348,0.09751433879137039,0.023022460137912964,12,10993,2091,0.0,0.16722809989005327,0.24696519994176924,3.5,0.029292160645127296,0.2892918288707733,False,624,624,reasoning-2048-1,reasoning,0.0625,pyramid,False
0.17465278413146734,0.7081533670425415,0.16618739779677005,0.43404918696199146,0.866208553314209,0.2578648804369746,0.18447529198601842,0.7081533074378967,0.163977892132605,0.14222204864823393,0.7081533074378967,0.1591905911373171,0.13267475737458362,0.8274535536766052,0.16888397448861056,0.3410453840291926,0.9603958129882812,0.2841683254115001,0.17025713210127183,0.82745361328125,0.17776056339017526,0.11001496090154562,0.82745361328125,0.1689266211705845,0.3608462629573686,0.6645807027816772,0.10535934432961255,0.43033632742507116,0.6903927326202393,0.10974733909237526,0.06265275697140689,0.36982983350753784,0.08156407550837924,0.25264462190014975,1.2232582569122314,0.2677867779566333,0.22115640555109298,0.608170747756958,0.16647144915552825,0.6224265354020255,1.3265273571014404,0.3024258592909825,0.05426251043432525,0.09794553369283676,0.023011463377671022,13,624,2092,0.0,0.16677709994837642,0.24833529978059232,6.6875,0.0009235489997081459,0.008515064604580402,False,17,17,reasoning-2048-1,reasoning,0.0625,pyramid,False
0.15368466393556446,0.7398829460144043,0.17817914163885262,0.4139889861856188,0.9750948548316956,0.3057379109498197,0.15999569870265468,0.7398828268051147,0.17667541288852218,0.13738191839573638,0.7398828268051147,0.17855551553705673,0.1258073190360197,0.8872557878494263,0.20824267382744774,0.27856692681754275,0.9850050210952759,0.29550371285961075,0.1489816175141771,0.8872557878494263,0.20914005292068424,0.11648783926752262,0.8872557878494263,0.2103339843240649,0.3445449269243649,0.652760922908783,0.105984785496076,0.4185796156525612,0.6215375661849976,0.0907473424885229,0.04958834608156134,0.24657964706420898,0.06573964775262152,0.23467038997582026,0.7573145627975464,0.23561943556075723,0.18015924721424068,0.6259011626243591,0.16378522085877034,0.5774895453027317,1.3988361358642578,0.3563427822096789,0.054714148465011804,0.0983763113617897,0.02300047139087938,14,17,2093,0.0,0.1605746999848634,0.26704119984060526,11.734375,3.2318945159204304e-05,6.980424950597808e-05,False,13,13,reasoning-2048-1,reasoning,0.0625,pyramid,False
0.22016882447392813,0.7891882658004761,0.2033363247919902,0.5555167262043271,0.9783434867858887,0.30433708495641065,0.23067770086761033,0.7891882658004761,0.20524567552904888,0.18213637645489403,0.7891882658004761,0.19812649854050146,0.14017295465704852,0.5719816088676453,0.1423161616783013,0.3759254440665245,0.9132758378982544,0.2650272938029584,0.18305395684936748,0.5719816088676453,0.1525349853084625,0.10998520304981087,0.5719816088676453,0.14217359458442333,0.358017025249345,0.5270320773124695,0.0874859774092582,0.4167414004249232,0.6574227213859558,0.10795420671419632,0.07558845641636124,0.38083189725875854,0.09511896682318204,0.2791188061237335,0.8440406322479248,0.254632345234548,0.25176297913172413,0.734542965888977,0.20644701810519736,0.6382607056626252,1.3519459962844849,0.32012888784096233,0.05516536147998912,0.09880668669939041,0.022989493314022707,15,13,2094,0.0,0.166851099813357,0.24112279992550611,0.078125,0.38371965289115906,7.843417644500732,True,29405,14259,reasoning-2048-1,reasoning,0.0625,pyramid,False
0.2707153692775007,0.7467877268791199,0.18780532933484134,0.6295433789491653,0.981490433216095,0.27148028835557053,0.284190295530217,0.7467876672744751,0.18551552332503235,0.19793405294019198,0.7467876672744751,0.1784341139330647,0.19086980447173119,0.831404447555542,0.18852648216906792,0.42809907014348675,0.9610965251922607,0.273289772840286,0.23613334280837858,0.831404447555542,0.19515642771442646,0.1519299420927252,0.831404447555542,0.18555745794334486,0.40074046488319126,0.6399116516113281,0.10941269995051854,0.42199198795216425,0.6438044309616089,0.11162786377519447,0.08593395519294843,0.26460105180740356,0.0712690263577198,0.352769489799227,1.0142500400543213,0.2746906226802059,0.28815133942823323,0.6137614250183105,0.15552436814310994,0.6991134251334837,1.1104726791381836,0.28336666021893836,0.05561613930123193,0.09923664480447769,0.022978525251309067,16,29405,2095,0.0,0.1642600002232939,0.24741680012084544,5.140625,0.016783207654953003,0.009337875992059708,False,7117,7117,reasoning-2048-1,reasoning,0.0625,pyramid,False
0.2418160837675844,0.7437459826469421,0.1756013329919468,0.5672513906444822,0.9049574732780457,0.2443615216820001,0.2691648748836347,0.7437460422515869,0.17405084292489634,0.17757106752001814,0.7437460422515869,0.176992657345578,0.18230462513331855,0.871789813041687,0.19418452452667656,0.42524648258196457,0.9705449938774109,0.27496697373197204,0.23776972998997994,0.871789813041687,0.1929594439797238,0.14411525687734997,0.871789813041687,0.19446703594550382,0.3976218391742025,0.6626763343811035,0.10632715160688118,0.435144267976284,0.6721677780151367,0.0945802176307586,0.07303959158681599,0.1991589516401291,0.06401511986010007,0.31031832098960876,1.0810637474060059,0.2629341143477011,0.26191825499492033,0.5830351114273071,0.1506231788685446,0.6880780181714466,1.6025025844573975,0.30317797604417673,0.05606648758319872,0.09966618567705154,0.022967566754438194,17,7117,2096,0.0,0.16136489994823933,0.2527950000949204,7.421875,0.002012074226513505,0.000995313748717308,False,220,220,reasoning-2048-1,reasoning,0.0625,pyramid,False
0.22973983781412244,0.7473263144493103,0.17378561616907226,0.5451134315558842,0.9994142055511475,0.28596196676501473,0.25950060884601306,0.7473262548446655,0.17948277057009945,0.17787902469613723,0.7473262548446655,0.17034837578112552,0.16124473355843552,0.7597295045852661,0.16331346592191856,0.4098975931161216,0.9545252323150635,0.2643682770840948,0.2158917228558234,0.7597295045852661,0.1745789752492256,0.12345359005433108,0.7597295045852661,0.15780710758723096,0.38201245718768667,0.6720980405807495,0.102637608100781,0.414337908583028,0.7384856939315796,0.0993258310214934,0.07365068340940135,0.22377446293830872,0.06749371174716957,0.31291986789022175,0.7653645873069763,0.24797512729357546,0.2589649548754096,0.6118496656417847,0.16509459279179994,0.6694995585296836,1.344182014465332,0.32138756383668177,0.056516411514686685,0.10009533166885376,0.022956620513211422,18,220,2097,0.0,0.1702427000273019,0.2429444999434054,6.078125,0.0031832491513341665,0.0025217197835445404,False,16,16,reasoning-2048-1,reasoning,0.0625,pyramid,False
0.24255741933094604,0.7341912984848022,0.1691112154052284,0.5941823784794126,0.9636507034301758,0.2859797108850913,0.2670488124048071,0.734191358089447,0.17563265050263704,0.19066963690732205,0.734191358089447,0.16308405265977952,0.17554730007291905,0.7433557510375977,0.15743130569109445,0.41726560039179666,0.9580381512641907,0.24265541478771338,0.2283376217487135,0.7433556914329529,0.1692050150068083,0.13643151661381125,0.7433556914329529,0.1537719302233049,0.3854721412062645,0.5543843507766724,0.0984369894338923,0.42071833461523056,0.6285535097122192,0.09553209733291419,0.07840427959620554,0.2726902961730957,0.06615254226175137,0.3340294935873577,1.0493468046188354,0.2567318035250739,0.2741478776027049,0.706462562084198,0.15872779061261627,0.6969026997685432,1.178220510482788,0.2885409283795284,0.05696590171594705,0.10052406042814255,0.02294568361683425,19,16,2098,0.0,0.1757976000662893,0.24255109997466207,7.15625,0.0008944908622652292,0.0008467680891044438,False,15,15,reasoning-2048-1,reasoning,0.0625,pyramid,False
0.23402385187468358,0.647927463054657,0.1587286373915651,0.5475916351590838,0.9825795292854309,0.2626764438992878,0.25358375135277,0.647927463054657,0.1611651457016345,0.18217864243446716,0.647927463054657,0.1489590815994711,0.1919366704366569,0.7457649111747742,0.164864482002898,0.42804331119571415,0.9270739555358887,0.2382484385381861,0.24405643044571793,0.7457648515701294,0.17004240977889873,0.15154086292854377,0.7457648515701294,0.16305501123167293,0.4025041147002152,0.6174975037574768,0.10923658818016763,0.42843586738620487,0.6141363382339478,0.09814454959276922,0.08256683264127267,0.3812575936317444,0.08336811392519923,0.3418947479554585,1.3848673105239868,0.30141789679303505,0.27926136047712397,0.652612566947937,0.15981094724479233,0.720452791345971,1.3295989036560059,0.32777765255313934,0.057414964107530456,0.1009523794054985,0.022934755238161388,20,15,2099,0.0,0.16186110000126064,0.26426109997555614,9.0,0.0007707951008342206,0.00033793141483329237,False,10993,10993,reasoning-2048-1,reasoning,0.0625,pyramid,False
0.2067375441214868,0.643193781375885,0.15461618334547456,0.49903795974595205,0.843430757522583,0.23363594315044017,0.2226287658725466,0.6431938409805298,0.1478507254856094,0.15586249230961716,0.6431938409805298,0.14807333075509946,0.1679898989220549,0.6669875979423523,0.1513788436224284,0.4014367572963238,0.9235867261886597,0.25241584192105404,0.22345713645751988,0.6669875979423523,0.16309831914719725,0.12738515809178352,0.6669875979423523,0.1457940652664006,0.39324467895286425,0.6456363797187805,0.10126059545753492,0.44776017112391336,0.6532689332962036,0.10332541136079067,0.06953544200847059,0.19859358668327332,0.06139423424059483,0.30874611863068174,1.0687940120697021,0.27594348688728576,0.24102489211197412,0.5253489017486572,0.14491596074661017,0.6681729219853878,1.3076746463775635,0.32800891736467797,0.057863603346049786,0.10138029605150223,0.022923841123012444,21,10993,2100,0.0,0.1806870000436902,0.24873850005678833,3.90625,0.01447494700551033,0.00826035812497139,False,624,624,reasoning-2048-1,reasoning,0.0625,pyramid,False
0.1553699363887842,0.6739710569381714,0.16275763597259013,0.40126033553055357,0.8175451755523682,0.25789415744081184,0.16200060304254293,0.6739710569381714,0.1596601736142126,0.1299967418225216,0.6739710569381714,0.16048147652567601,0.1148020642659893,0.5984403491020203,0.13926561355528114,0.27445523833323804,0.8716184496879578,0.24353902860798796,0.14573620625638536,0.5984402894973755,0.1496030343108145,0.09492087755019643,0.5984402894973755,0.13538268487573926,0.3679365372019155,0.6404187679290771,0.10137107940352866,0.46421930300337927,0.736297070980072,0.11019571034039465,0.047507604677645886,0.21560576558113098,0.05566288389332572,0.22652522580964224,0.6970853209495544,0.20501502816628842,0.18886565789580345,0.5907101631164551,0.14945445165791363,0.5903747065791062,1.1148486137390137,0.3065712958378539,0.05831181251310876,0.10180780291557312,0.022912933618713292,22,624,2101,0.0,0.15815629996359348,0.25686109997332096,8.296875,0.00039376880158670247,0.00011430239101173356,False,18,18,reasoning-2048-1,reasoning,0.0625,pyramid,False
0.14172406630989695,0.6858558058738708,0.1677296010661138,0.3816730145897184,0.8875467777252197,0.27666334347366,0.147884130012244,0.6858558654785156,0.1671087101314064,0.1265248749737761,0.6858558654785156,0.16962936736399284,0.0958486328849436,0.6462206840515137,0.14640120967907796,0.23874207898708327,0.9269178509712219,0.24291389842984779,0.11723214008712343,0.6462206840515137,0.1481779228314528,0.08603245407409434,0.6462206840515137,0.14796909273961767,0.3576358343873705,0.5805493593215942,0.0886838339933764,0.4579777153474944,0.6581746339797974,0.09508041244214396,0.042057439146446995,0.23286877572536469,0.059615659391762464,0.20694044658115932,0.8093618154525757,0.23441751272556033,0.15956286670240974,0.5909502506256104,0.1447505916637668,0.5276205018162727,1.3827354907989502,0.35425797051565194,0.05875959353787558,0.10223489999771118,0.022902038287975046,23,18,2102,0.0,0.16106249997392297,0.24096919992007315,11.34375,4.723091478808783e-05,2.860570930351969e-05,False,13,13,reasoning-2048-1,reasoning,0.0625,pyramid,False
0.08351933517094169,0.4087197780609131,0.08604481781397205,0.24976353985922678,0.8775678277015686,0.23024998959696757,0.08861070129621242,0.4087197482585907,0.08513341984713944,0.07224752499522376,0.4087197482585907,0.08833826659027591,0.04673895875021117,0.3400005102157593,0.07993196234026011,0.13691474826607322,0.8740214109420776,0.2000487609493195,0.05470826496561391,0.3400005102157593,0.08079491336424621,0.04207534365455753,0.3400005102157593,0.08033684124645266,0.3001130686274597,0.5196350812911987,0.08881830600877229,0.3901356054203851,0.6484647989273071,0.1077673721880983,0.024410106034857954,0.15183818340301514,0.03622076035715039,0.15545520612171718,0.9810183644294739,0.24588673350291992,0.1286391120270959,0.4694516360759735,0.11191971705690462,0.42606378213635515,1.3299742937088013,0.3389129410725359,0.06263736489095859,0.0923076942563057,0.02172936285005969,0,8304,2079,23.556876100134104,0.1503273998387158,0.21916350000537932,0.3593749403953552,0.08420329540967941,0.02256523072719574,True,14319,220,reasoning-2048-1,reasoning,0.0625,inv_pyramid,False
0.2387926580850035,0.9382288455963135,0.2631038887054971,0.4548689637865339,0.9997289776802063,0.31532963767721506,0.26061007094436456,0.9382288455963135,0.26024737984377,0.19702447388720298,0.9382288455963135,0.2706669282147023,0.18996975309814193,0.9999174475669861,0.26784985242807036,0.3425099096660103,1.0,0.29938590494391853,0.22234187144619813,0.9999173879623413,0.2715779550204094,0.1607796614324408,0.9999173879623413,0.2707928915812129,0.35833422946078436,0.6067185401916504,0.0940115484189702,0.3866519736392157,0.6623245477676392,0.14919061869164751,0.17978788125245565,0.9153798818588257,0.27615035929483916,0.4260479722704206,1.4190831184387207,0.454825609250838,0.39861317896949394,1.9602216482162476,0.46202182403888775,0.9271332139947585,4.414209842681885,0.9157467473393666,0.04880895246086376,0.0927438735961914,0.02314415577294722,1,14319,2080,0.0,0.15070650004781783,0.23561550001613796,4.59375,0.009492997080087662,0.011384434998035431,False,29208,29208,reasoning-2048-1,reasoning,0.0625,inv_pyramid,False
0.19231077416666917,0.819124698638916,0.23280673048628106,0.3945090834583555,0.9945469498634338,0.31047806968126324,0.21036970834913,0.819124698638916,0.2299972957604771,0.1654167238822473,0.819124698638916,0.24064795833458016,0.15696638674541777,0.9999381899833679,0.2696853810716746,0.2812765925191343,1.0,0.3003545622082912,0.1784228619861616,0.9999381899833679,0.26856438350127654,0.14229523789565843,0.9999381899833679,0.27310331620472195,0.343636192381382,0.5629407167434692,0.08645608797887341,0.39953926684600966,0.6751286387443542,0.13756604648156864,0.12330527606848461,0.7455956339836121,0.21522732639453435,0.3667853900364467,1.4052059650421143,0.46918098431387495,0.3163558166540627,1.6847624778747559,0.4045311377303344,0.7804820287440505,3.6751184463500977,0.8018365855203027,0.04926581833777683,0.09317963570356369,0.023133040440453678,2,29208,2081,0.0,0.15732060000300407,0.24142080009914935,0.5625,0.1867922693490982,0.13095799088478088,True,29985,510,reasoning-2048-1,reasoning,0.0625,inv_pyramid,False
0.17736549409372465,0.8172773122787476,0.21551135775372354,0.378476973090853,0.9846494197845459,0.2938803375672107,0.19173969853935496,0.817277193069458,0.21283790810133238,0.15349067082362516,0.817277193069458,0.22186989907401147,0.15870622441538476,0.9997975826263428,0.25883652688357955,0.29524809514571515,1.0,0.2929336759543673,0.18317812650431214,0.999797523021698,0.2630532972479838,0.137027304521845,0.999797523021698,0.26233477637821306,0.35560450915779385,0.575015664100647,0.09275195238106165,0.4108784906566143,0.6290686130523682,0.12034625548838306,0.11499739252862387,0.7437175512313843,0.2119933850857955,0.321822532585689,1.456432580947876,0.41803442879740743,0.3087982736261828,1.6607294082641602,0.4044789927239349,0.76099868491292,3.051523208618164,0.7596228344610864,0.04972224196951304,0.09361498057842255,0.0231219346422325,3,29985,2082,0.0,0.15741079999133945,0.24829920008778572,1.71875,0.048325859010219574,0.0016675052465870976,False,510,510,reasoning-2048-1,reasoning,0.0625,inv_pyramid,False
0.2438010424375534,0.8116710186004639,0.18863202734750112,0.490462709750448,0.9829725623130798,0.23045764323914278,0.2556731964328459,0.8116710186004639,0.18545476656198953,0.19794571712347014,0.8116710186004639,0.20044449786206045,0.1458150584367104,0.9989635944366455,0.24821532721790066,0.2724849565752915,1.0,0.2595790238514077,0.16476111022555934,0.9989635944366455,0.24720997664460848,0.12672740989364684,0.9989635944366455,0.2511005478800677,0.39967977149145945,0.6662500500679016,0.10845703001361048,0.4299976298851626,0.7131940722465515,0.13336760991757693,0.11836482591128775,0.569754958152771,0.16226294597936514,0.39895978357110706,1.340653657913208,0.3664981502602562,0.3610104913158076,1.1053026914596558,0.27522962389567196,0.875943973660469,2.5236294269561768,0.5174236972376874,0.05017822914357696,0.09404990077018738,0.02311083977369693,4,510,2083,0.0,0.1756372000090778,0.25724099995568395,1.171875,0.06251493841409683,0.020924394950270653,False,16,16,reasoning-2048-1,reasoning,0.0625,inv_pyramid,False
0.19716212752142123,0.6641542911529541,0.1698403886756669,0.4334209518773215,1.0,0.25549227387532036,0.20681281919990266,0.6641543507575989,0.1668374657929629,0.1649223186873964,0.6641543507575989,0.1740433735052576,0.14367244774309387,0.9994792938232422,0.24817736372459057,0.2529053235360022,1.0,0.26151112886189487,0.16594331373094715,0.9994792938232422,0.2470216538718509,0.1301849576328615,0.9994792938232422,0.24937354269577428,0.3379067672150476,0.6164178848266602,0.11339615413698673,0.36945469304919243,0.6425536870956421,0.12054421476616851,0.08842426074469197,0.4500831067562103,0.11647462270660433,0.3141085058450699,1.2680009603500366,0.3058974815312464,0.2948014690939869,0.8912920355796814,0.22565309846313528,0.7566250158207757,2.046937942504883,0.3986436220992517,0.05063377753166216,0.09448441118001938,0.023099755260265108,5,16,2084,0.0,0.16312979999929667,0.25429619988426566,8.46875,0.0003386083117220551,0.00013332937669474632,False,13,13,reasoning-2048-1,reasoning,0.0625,inv_pyramid,False
0.2841691026198013,0.6382092833518982,0.13302214451512098,0.6203038713761738,0.9651227593421936,0.18548082065367197,0.30113598092326094,0.6382091045379639,0.1304902996867943,0.20853840559720993,0.6382091045379639,0.14762750203643252,0.1957155624737165,0.9987684488296509,0.23860028337175776,0.37688345262514694,1.0,0.2549425473869034,0.23608378267713956,0.9987683892250061,0.23826344560088758,0.1561698937688821,0.9987683892250061,0.24392488285209588,0.421464133475508,0.644320011138916,0.10086178232666647,0.4380711114832333,0.639856219291687,0.12932280300036184,0.11629749315657786,0.3747828006744385,0.0987971426631615,0.43643217427389963,1.2355659008026123,0.2974688211740463,0.40009891401444164,0.9037289619445801,0.18726459043106702,0.9785881446940559,3.1114792823791504,0.5162004728722451,0.05108889518305659,0.09491851180791855,0.023088683255040873,6,13,2085,0.0,0.1582933000754565,0.23265070002526045,2.875,0.026833079755306244,0.016449978575110435,False,56292,56292,reasoning-2048-1,reasoning,0.0625,inv_pyramid,False
0.33181219760860714,0.557542085647583,0.1207647882805187,0.7226062353168216,0.9952813386917114,0.18413106197659299,0.3583168105355331,0.6137842535972595,0.11897726635998288,0.2284172855849777,0.550114095211029,0.12133217878162149,0.2647622951439449,0.9994451999664307,0.24160294289855147,0.4931085399751152,1.0,0.24226926974111773,0.3278493197368724,0.9994452595710754,0.24729115361709675,0.21142826708299772,0.9994452595710754,0.23699316977536194,0.4371723655079092,0.6806591749191284,0.10215279222242116,0.4141951618450029,0.683177649974823,0.12593031488580458,0.16480239467429264,0.543163537979126,0.1491423906192792,0.5562189455543246,1.3111212253570557,0.39307345364235646,0.4476456972105162,0.9232734441757202,0.20441404658771847,0.9990618101188115,2.2569453716278076,0.4110034244899522,0.05154357038970504,0.0953521803021431,0.023077618858292254,7,56292,2086,0.0,0.15083099994808435,0.233532200101763,2.40625,0.07569573074579239,0.05152200907468796,False,7117,7117,reasoning-2048-1,reasoning,0.0625,inv_pyramid,False
0.3431258015334606,0.5488072633743286,0.12194366562447465,0.7212657438857215,0.9872447848320007,0.1822536988352021,0.3753638177045754,0.5488072037696838,0.11816157022427937,0.24465224306498254,0.5488072037696838,0.12952508836414572,0.2720847161752837,0.9995613098144531,0.23669143702761233,0.5210794138589075,1.0,0.25217545890965437,0.3420228830405644,0.9995613098144531,0.23539567337964165,0.21200469961123808,0.9995613098144531,0.23781782002324114,0.4577082757438932,0.6896461248397827,0.099623843777497,0.43883940683943884,0.6775423884391785,0.10660832796248804,0.15406667900138668,0.4891931414604187,0.12538809393765105,0.5927431945289884,1.3562438488006592,0.3850249578916831,0.4319596609898976,0.8816401362419128,0.193220651765873,0.961713371532304,1.9052435159683228,0.3162726127398791,0.05199780947129641,0.09578543901443481,0.02306656456408383,8,7117,2087,0.0,0.1571019000839442,0.23005200014449656,4.359375,0.015068497508764267,0.012961327098309994,False,220,220,reasoning-2048-1,reasoning,0.0625,inv_pyramid,False
0.2739986338253532,0.4951816499233246,0.10855931243994534,0.6375489405223301,0.9999991655349731,0.20462889261912198,0.3104089652853353,0.495181679725647,0.1079191285688141,0.1975090658026082,0.495181679725647,0.11001938059916234,0.24787849999432052,0.9981991648674011,0.23703699959212696,0.48390066118112635,1.0,0.25779837074380296,0.3119046614904489,0.9981992244720459,0.23829391741835337,0.19220572769907968,0.9981992244720459,0.23330664736615414,0.4064898458974702,0.658949613571167,0.0916959785706133,0.4008516882147108,0.7015657424926758,0.10865953599768313,0.13810041763021477,0.4019184112548828,0.11490424069260403,0.5625293957335609,1.354375958442688,0.40172594028034325,0.38590717342283043,0.693740963935852,0.16431396018975927,0.959151026393686,1.911239504814148,0.3979714048849351,0.05245161874751959,0.0962182879447937,0.023055523927246916,9,220,2088,0.0,0.15129949990659952,0.23777289991267025,4.796875,0.01587863638997078,0.004754767287522554,False,16,16,reasoning-2048-1,reasoning,0.0625,inv_pyramid,False
0.2673792091331312,0.48838862776756287,0.10756896020014167,0.6143966870648521,0.9999751448631287,0.19221322622499584,0.3050603930439268,0.48838865756988525,0.09587219469424342,0.19793686576719796,0.48838865756988525,0.10941674670467262,0.24894617152001178,0.9984700083732605,0.23117406557580233,0.4601207013641085,1.0,0.2349265123056106,0.317538870498538,0.9984700679779053,0.2307482192629967,0.19412926857226662,0.9984700679779053,0.2315455940275238,0.40710872624601635,0.6058942079544067,0.09411594960505859,0.4103711369846548,0.6394668817520142,0.10809178744301157,0.13509350406405116,0.40050172805786133,0.10744150289682522,0.4939879264150347,1.1753400564193726,0.3005684057267119,0.3966391935412373,0.7588552236557007,0.17918710959795614,0.9889599915061679,2.442521095275879,0.4152913371056603,0.05290498857253364,0.09665071964263916,0.023044491587121217,10,16,2089,0.0,0.15509030013345182,0.2452175000216812,5.25,0.006243844982236624,0.001526442589238286,False,19,19,reasoning-2048-1,reasoning,0.0625,inv_pyramid,False
0.29115015055452076,0.48460444808006287,0.10076483231341066,0.6833761824028832,0.999808132648468,0.16837657721994045,0.3287598751485348,0.5771003365516663,0.09684775362344628,0.2177058711115803,0.47177839279174805,0.10029769212599678,0.28352568405015127,0.9985605478286743,0.2275361957390386,0.5140981785953045,1.0,0.23830643467136697,0.361072413623333,0.9985604286193848,0.23377288890881118,0.2222652312900339,0.9985604286193848,0.22563297622297718,0.4293541168527944,0.6263929009437561,0.0957163206662796,0.42596661299467087,0.6361096501350403,0.10352514535768044,0.14471647469326854,0.4248170852661133,0.11363989116848729,0.5602939065013613,1.3406202793121338,0.3811320090380448,0.40311565675905775,0.6968522071838379,0.17631827401154046,0.9894104450941086,1.6640058755874634,0.3397604737320379,0.05335793105353202,0.09708274155855179,0.023033472582348575,11,19,2090,0.0,0.1514045000076294,0.23196170013397932,6.40625,0.0060183280147612095,0.0019630773458629847,False,10993,10993,reasoning-2048-1,reasoning,0.0625,inv_pyramid,False
0.3204357214272022,0.5987544059753418,0.117720958822492,0.7211260348558426,0.9989421367645264,0.16383138904710437,0.3406782293958323,0.6125058531761169,0.12033285580961121,0.227437449619174,0.5399044752120972,0.11511601944819402,0.29140395431646277,0.9978628158569336,0.2328332751761717,0.5429927541741303,1.0,0.24765776983637336,0.3592743478449328,0.9978629946708679,0.24186638534934118,0.2270495014797364,0.9978629946708679,0.23077481235358469,0.44502270966768265,0.6433144211769104,0.09859209314511697,0.4286008764590536,0.6878787875175476,0.10285185388230088,0.14549794061375515,0.4365406930446625,0.11564872053340447,0.553836709686688,1.409503698348999,0.3849012571926002,0.401997515133449,0.6926665306091309,0.1652191256489749,0.8846002849084991,1.5206198692321777,0.2727926662199633,0.05381043281938348,0.09751433879137039,0.02302246013791296,12,10993,2091,0.0,0.1534309999551624,0.23158919997513294,3.703125,0.03626762703061104,0.07198116928339005,False,624,624,reasoning-2048-1,reasoning,0.0625,inv_pyramid,False
0.199984174088708,0.5576972961425781,0.13874881800663838,0.48756452330521177,0.9999830722808838,0.2444258558333403,0.20944436972162553,0.5576971769332886,0.1393211483014393,0.1556006598818515,0.5576971769332886,0.13689055999181102,0.1881976258508595,0.9950464963912964,0.23102894967601556,0.3760754613737975,1.0,0.27733397211509425,0.22362695594451257,0.9950464963912964,0.23724394467935536,0.15371541080198117,0.9950464963912964,0.22715791114861128,0.38843849088464466,0.6462833881378174,0.09491652563679367,0.4469896224992616,0.7087421417236328,0.10905839513693147,0.08352702224094953,0.37525415420532227,0.08510796826565617,0.3567564849342619,1.2131743431091309,0.31679034172583437,0.2835906089416572,0.5885752439498901,0.16933247412665722,0.784244740647929,1.8655080795288086,0.4419934696385323,0.05426251043432525,0.09794553369283676,0.023011463377671022,13,624,2092,0.0,0.15361079992726445,0.23708450002595782,7.8125,0.0005844850675202906,0.0023310391698032618,False,17,17,reasoning-2048-1,reasoning,0.0625,inv_pyramid,False
0.14491258539991186,0.4359608590602875,0.11467856764324792,0.38801686252866474,0.9999957084655762,0.22118743774877456,0.15123650285282306,0.4359608292579651,0.1152040732015187,0.12197823433338531,0.4359608292579651,0.11316695092650089,0.1486857662426441,0.9966272115707397,0.23033757805077426,0.30401292935545954,1.0,0.27794821234116907,0.1702910742273421,0.9966272115707397,0.23289656716089946,0.131693053608095,0.9966272115707397,0.22987521583668669,0.35336736908980776,0.649104118347168,0.09101787790231572,0.439637083028044,0.6805394887924194,0.09673319169182222,0.04383418962970609,0.17347320914268494,0.043858557685144274,0.21624048479965755,0.7130469083786011,0.17776584840476076,0.19768418544637306,0.5201805233955383,0.1314450278631152,0.6471973609711442,2.04250431060791,0.37378717581486787,0.054714148465011804,0.0983763113617897,0.02300047139087938,14,17,2093,0.0,0.15210710000246763,0.23016620008274913,10.140625,0.00010314019164070487,7.711997568549123e-06,False,13,13,reasoning-2048-1,reasoning,0.0625,inv_pyramid,False
0.20570035997245992,0.45881685614585876,0.11317277501561074,0.5340995213815144,0.9537774920463562,0.2057608745132966,0.22011213044502906,0.45881691575050354,0.11621636032940506,0.15492169226386718,0.45881691575050354,0.11366357470988264,0.20724242549788738,0.9953513145446777,0.21936054066268326,0.4438189013994166,1.0,0.2550873736633816,0.25255114970994846,0.9953513145446777,0.22278781969834563,0.16657859343104064,0.9953513145446777,0.22006396190412833,0.39073560599769863,0.6221550703048706,0.08425505536296482,0.44449407181569506,0.6311449408531189,0.09250288071179423,0.0666355653998575,0.2738833427429199,0.05966087341612266,0.30979648871081217,1.1555999517440796,0.26156525741524855,0.27075692106570515,0.6418031454086304,0.13200695297674028,0.7847784629889897,1.7960368394851685,0.37732888505963186,0.05516536147998912,0.09880668669939041,0.02298949331402271,15,13,2094,0.0,0.15123219997622073,0.24482320016250014,0.953125,0.0930115357041359,0.04130333662033081,False,29405,29405,reasoning-2048-1,reasoning,0.0625,inv_pyramid,False
0.24681550091398613,0.49531620740890503,0.12900589602808096,0.583900728396007,0.9832248091697693,0.25874961177390665,0.26495995425752233,0.49531614780426025,0.12107470584071416,0.17931498254516295,0.49531614780426025,0.12058319956271764,0.23000097234866448,0.9928984642028809,0.2285829415890997,0.43946122085409506,1.0,0.2907614132389165,0.2776109376656158,0.9928984642028809,0.2351535227549054,0.18824306226867651,0.9928984642028809,0.2231165090877808,0.4031488315335342,0.5987682342529297,0.09178212002446694,0.4340717632855688,0.6417070627212524,0.1012212549092776,0.08714994201935562,0.28213465213775635,0.08409795749211772,0.37188747950962614,1.2054036855697632,0.33867231808360687,0.3050137103668281,0.6732165217399597,0.170013010269159,0.7212124275309699,1.6757659912109375,0.30650892194209606,0.05561613930123193,0.09923664480447769,0.022978525251309063,16,29405,2095,0.0,0.15168959996663034,0.24232119997031987,4.09375,0.016776209697127342,0.011490337550640106,False,7117,7117,reasoning-2048-1,reasoning,0.0625,inv_pyramid,False
0.21802410589797155,0.5012400150299072,0.11596725717251284,0.5221597232988903,0.9497066140174866,0.23742122220554085,0.24459978831665857,0.501240074634552,0.111431335432449,0.163551424164325,0.501240074634552,0.1150777683984537,0.2121959404487695,0.9902648329734802,0.22731313076778692,0.4391645093315414,1.0,0.29811757034445013,0.26487858400547076,0.9902648329734802,0.23259774138123954,0.1728659892687574,0.9902648329734802,0.22534371074186876,0.40016845400844303,0.6313701272010803,0.09027952511076565,0.44366698392799925,0.7055904269218445,0.10355409600852643,0.07247724610247783,0.29402416944503784,0.07415649252675142,0.3112860896757671,1.0131752490997314,0.2805799841664162,0.2772659052695547,0.6535824537277222,0.16514866111284057,0.7225816547870636,1.7803759574890137,0.34823720684464465,0.05606648758319872,0.09966618567705154,0.022967566754438187,17,7117,2096,0.0,0.15208579995669425,0.2459728999529034,7.28125,0.0021181399933993816,0.0005179342697374523,False,220,220,reasoning-2048-1,reasoning,0.0625,inv_pyramid,False
0.1897937527724675,0.43612322211265564,0.09776731491274597,0.47646848431655336,0.9999997615814209,0.22267873612190922,0.2168355988604682,0.4515491724014282,0.09976960840660684,0.14359073340892792,0.43612322211265564,0.09773219431802026,0.20364868760641133,0.9879096746444702,0.21536585934035302,0.4421432243127908,1.0,0.2728726916167004,0.2553505371657333,0.9879096746444702,0.2251479642667344,0.15955803905879812,0.9879096746444702,0.2092209986830981,0.3802031161529677,0.636552631855011,0.08951993707213364,0.4303218913929803,0.7459678649902344,0.09580980383496168,0.05722795709568475,0.18318429589271545,0.04143108208379162,0.3053157116685595,0.776190996170044,0.23967740843528892,0.24836514570883342,0.4417712688446045,0.1048322510445223,0.718029758227723,1.5114952325820923,0.3359677534387721,0.056516411514686685,0.10009533166885376,0.022956620513211422,18,220,2097,0.0,0.15389239997603,0.25060489983297884,5.328125,0.012841721996665001,0.0013122132513672113,False,16,16,reasoning-2048-1,reasoning,0.0625,inv_pyramid,False
0.20827932549374445,0.43454909324645996,0.09970698020620172,0.5146610672984805,0.9999569654464722,0.22360593442785975,0.23636837849127396,0.5070949792861938,0.10113829871466705,0.15802495467609592,0.4165746569633484,0.0928667633453557,0.21297091378697328,0.9849880933761597,0.2158367653881937,0.4286928307265043,1.0,0.27004141345105703,0.26020548013704164,0.9849880337715149,0.22139389073761256,0.17063920939939894,0.9849880337715149,0.21161846720273372,0.3933237354670252,0.5884492993354797,0.0920281450469931,0.4310018760817392,0.6737719774246216,0.09438129427700477,0.06411614250724337,0.1554243266582489,0.05008192450344299,0.2794146090745926,0.7190402746200562,0.1970497638319995,0.27663974330893587,0.5231261253356934,0.131504303286696,0.7250412521617753,1.5882539749145508,0.30328101453680456,0.05696590171594705,0.10052406042814255,0.02294568361683425,19,16,2098,0.0,0.15687459986656904,0.24382590013556182,8.21875,0.0007701579015702009,0.0008967762696556747,False,15,15,reasoning-2048-1,reasoning,0.0625,inv_pyramid,False
0.2024802920807685,0.4580726623535156,0.1016473422388181,0.5172043336289269,0.9996551275253296,0.2257194596511124,0.22447568085044622,0.4679136276245117,0.09779855243670874,0.15489166283181735,0.4090075194835663,0.09376333886355986,0.2275781144521066,0.9834133982658386,0.21310798743754011,0.4470887764223984,1.0,0.24880023914378,0.2763898205012083,0.9834134578704834,0.21901163867134216,0.17913421842136554,0.9834134578704834,0.206243544560765,0.3936911267893655,0.5795091390609741,0.09291315218168288,0.4360114910772869,0.6065413355827332,0.09472647099910812,0.07384864463736969,0.35467374324798584,0.077763422468947,0.2915950928415571,1.3940168619155884,0.2912270498711204,0.2741888293198177,0.5949196815490723,0.1427900911647915,0.6946833437042577,1.368878722190857,0.30562890666383774,0.057414964107530456,0.1009523794054985,0.022934755238161388,20,15,2099,0.0,0.15075100003741682,0.2436504999641329,10.359375,0.00018247026309836656,0.0001138964798883535,False,10993,10993,reasoning-2048-1,reasoning,0.0625,inv_pyramid,False
0.21806434355676174,0.49382707476615906,0.10882595384336882,0.5626857025282723,0.9468612670898438,0.19812129840912926,0.2337787409446069,0.49382707476615906,0.11017044194936441,0.15670363817896163,0.49382707476615906,0.10735420420279133,0.22480341981697297,0.9782347083091736,0.22344821312152682,0.44210996186094625,0.9999993443489075,0.2901215321017959,0.2719624570038702,0.9782347679138184,0.23231800994540436,0.17063345936393098,0.9782347679138184,0.2142012955994536,0.4053756722382137,0.6139302253723145,0.09405752590493323,0.4467769701566015,0.6802772283554077,0.10367004755785027,0.07773251951272998,0.2642877697944641,0.059502468548289604,0.3892297276428768,1.2328146696090698,0.32161434107346404,0.2800848159406866,0.5492584109306335,0.13072478588480577,0.7880775704979897,1.536845326423645,0.3045311142523236,0.057863603346049786,0.10138029605150223,0.022923841123012444,21,10993,2100,0.0,0.1573413999285549,0.2327678999863565,4.6875,0.007830058224499226,0.0019202118273824453,False,624,624,reasoning-2048-1,reasoning,0.0625,inv_pyramid,False
0.15770086559600063,0.5125049948692322,0.1194417546439754,0.42038763420922415,0.9999686479568481,0.23048861353880032,0.16631899348327092,0.5125049948692322,0.12003824551210616,0.13007183482737414,0.5125049948692322,0.12267664900499702,0.15525285676786943,0.9850563406944275,0.20761337206946864,0.3329455621008362,1.0,0.2856530370705815,0.18367994816175529,0.9850564002990723,0.21624290780200855,0.12668905557698704,0.9850564002990723,0.2017263029102613,0.38943651744297575,0.6455351114273071,0.09512375040882509,0.47594824539763586,0.723263144493103,0.10367607268282572,0.055423352590878494,0.20263880491256714,0.05474027148445147,0.2807831359761102,0.933024525642395,0.28146201700670775,0.2176953156345657,0.48448461294174194,0.1290105028232804,0.6711286673588412,1.70636785030365,0.39974547634893115,0.05831181251310876,0.10180780291557312,0.022912933618713296,22,624,2101,0.0,0.15590490004979074,0.2370686000213027,10.859375,7.974499021656811e-05,3.358152389409952e-05,False,18,18,reasoning-2048-1,reasoning,0.0625,inv_pyramid,False
0.13774349058179983,0.38782060146331787,0.09620819193808727,0.39214771560260225,0.9999346733093262,0.2164137234031338,0.14180781286475913,0.38782060146331787,0.09705020110509313,0.11322753064866577,0.38782060146331787,0.09942861743242938,0.1372995404609745,0.9802149534225464,0.20505834959264052,0.2901682599248098,1.0,0.26523958711995976,0.15818068828333967,0.9802148938179016,0.20690226513801088,0.11895763137727045,0.9802148938179016,0.20606900693677718,0.3718672511833055,0.5879335403442383,0.07946663327389092,0.4726622360093253,0.6573896408081055,0.09276514264838283,0.046028725426107746,0.17301437258720398,0.04446305593777415,0.2571023681334087,0.769741415977478,0.2271796685043341,0.19215245514975063,0.4614217281341553,0.12033714642610085,0.6679035864238229,1.7758387327194214,0.36687994914519717,0.05875959353787558,0.10223489999771118,0.022902038287975043,23,18,2102,0.0,0.15877379989251494,0.22946719988249242,10.828125,4.597023507812992e-05,1.9053184132644674e-06,False,13,13,reasoning-2048-1,reasoning,0.0625,inv_pyramid,False
